COUNTRY_CODE,COUNTRY_AREA_TERRITORY,ISO_WEEKSTARTDATE,ISO_YEAR,ISO_WEEK,ORIGIN_SOURCE,SPEC_PROCESSED_NB,INF_A,INF_B,INF_ALL,INF_NEGATIVE
MEX,Mexico,1997-02-24,1997,9,NOTDEFINED,,,,,
MEX,Mexico,1997-03-24,1997,13,NOTDEFINED,,,,,
MEX,Mexico,1999-12-27,1999,52,NOTDEFINED,463.0,96.0,3.0,99.0,
MEX,Mexico,2000-01-03,2000,1,NOTDEFINED,172.0,34.0,1.0,35.0,
MEX,Mexico,2000-01-10,2000,2,NOTDEFINED,180.0,41.0,0.0,41.0,
MEX,Mexico,2000-01-17,2000,3,NOTDEFINED,217.0,36.0,0.0,36.0,
MEX,Mexico,2000-01-24,2000,4,NOTDEFINED,191.0,29.0,2.0,31.0,
MEX,Mexico,2000-01-31,2000,5,NOTDEFINED,319.0,40.0,1.0,41.0,
MEX,Mexico,2000-02-07,2000,6,NOTDEFINED,400.0,43.0,6.0,49.0,
MEX,Mexico,2000-02-14,2000,7,NOTDEFINED,207.0,28.0,2.0,30.0,
MEX,Mexico,2000-02-21,2000,8,NOTDEFINED,212.0,28.0,3.0,31.0,
MEX,Mexico,2000-02-28,2000,9,NOTDEFINED,193.0,33.0,2.0,35.0,
MEX,Mexico,2000-03-06,2000,10,NOTDEFINED,168.0,20.0,2.0,22.0,
MEX,Mexico,2000-03-13,2000,11,NOTDEFINED,99.0,9.0,0.0,9.0,
MEX,Mexico,2000-03-20,2000,12,NOTDEFINED,64.0,7.0,0.0,7.0,
MEX,Mexico,2000-03-27,2000,13,NOTDEFINED,41.0,5.0,0.0,5.0,
MEX,Mexico,2000-04-03,2000,14,NOTDEFINED,36.0,6.0,0.0,6.0,
MEX,Mexico,2000-04-10,2000,15,NOTDEFINED,20.0,7.0,0.0,7.0,
MEX,Mexico,2000-04-17,2000,16,NOTDEFINED,30.0,2.0,0.0,2.0,
MEX,Mexico,2000-04-24,2000,17,NOTDEFINED,24.0,3.0,0.0,3.0,
MEX,Mexico,2000-05-01,2000,18,NOTDEFINED,18.0,5.0,0.0,5.0,
MEX,Mexico,2000-05-08,2000,19,NOTDEFINED,28.0,5.0,0.0,5.0,
MEX,Mexico,2000-05-15,2000,20,NOTDEFINED,40.0,8.0,0.0,8.0,
MEX,Mexico,2000-05-22,2000,21,NOTDEFINED,20.0,4.0,0.0,4.0,
MEX,Mexico,2000-05-29,2000,22,NOTDEFINED,20.0,2.0,0.0,2.0,
MEX,Mexico,2000-06-05,2000,23,NOTDEFINED,30.0,1.0,0.0,1.0,
MEX,Mexico,2000-06-12,2000,24,NOTDEFINED,32.0,0.0,0.0,,
MEX,Mexico,2000-06-19,2000,25,NOTDEFINED,24.0,2.0,0.0,2.0,
MEX,Mexico,2000-06-26,2000,26,NOTDEFINED,29.0,3.0,0.0,3.0,
MEX,Mexico,2000-07-03,2000,27,NOTDEFINED,25.0,2.0,0.0,2.0,
MEX,Mexico,2000-07-10,2000,28,NOTDEFINED,17.0,3.0,0.0,3.0,
MEX,Mexico,2000-07-17,2000,29,NOTDEFINED,13.0,1.0,0.0,1.0,
MEX,Mexico,2000-07-24,2000,30,NOTDEFINED,11.0,0.0,0.0,,
MEX,Mexico,2000-07-31,2000,31,NOTDEFINED,3.0,0.0,0.0,,
MEX,Mexico,2000-08-07,2000,32,NOTDEFINED,15.0,0.0,0.0,,
MEX,Mexico,2000-08-14,2000,33,NOTDEFINED,13.0,0.0,0.0,,
MEX,Mexico,2000-08-21,2000,34,NOTDEFINED,17.0,0.0,0.0,,
MEX,Mexico,2000-08-28,2000,35,NOTDEFINED,13.0,1.0,0.0,1.0,
MEX,Mexico,2000-09-04,2000,36,NOTDEFINED,18.0,0.0,0.0,,
MEX,Mexico,2000-09-11,2000,37,NOTDEFINED,19.0,0.0,0.0,,
MEX,Mexico,2000-09-18,2000,38,NOTDEFINED,24.0,0.0,0.0,,
MEX,Mexico,2000-09-25,2000,39,NOTDEFINED,36.0,4.0,0.0,4.0,
MEX,Mexico,2000-10-02,2000,40,NOTDEFINED,25.0,1.0,0.0,1.0,
MEX,Mexico,2000-10-09,2000,41,NOTDEFINED,13.0,1.0,0.0,1.0,
MEX,Mexico,2000-10-16,2000,42,NOTDEFINED,18.0,4.0,0.0,4.0,
MEX,Mexico,2000-10-23,2000,43,NOTDEFINED,11.0,1.0,0.0,1.0,
MEX,Mexico,2000-10-30,2000,44,NOTDEFINED,19.0,4.0,0.0,4.0,
MEX,Mexico,2000-11-06,2000,45,NOTDEFINED,41.0,10.0,0.0,10.0,
MEX,Mexico,2000-11-13,2000,46,NOTDEFINED,20.0,2.0,0.0,2.0,
MEX,Mexico,2000-11-20,2000,47,NOTDEFINED,24.0,5.0,0.0,5.0,
MEX,Mexico,2000-11-27,2000,48,NOTDEFINED,13.0,4.0,0.0,4.0,
MEX,Mexico,2000-12-04,2000,49,NOTDEFINED,7.0,3.0,0.0,3.0,
MEX,Mexico,2000-12-11,2000,50,NOTDEFINED,6.0,0.0,0.0,,
MEX,Mexico,2000-12-25,2000,52,NOTDEFINED,27.0,2.0,0.0,2.0,
MEX,Mexico,2001-01-01,2001,1,NOTDEFINED,10.0,0.0,0.0,,
MEX,Mexico,2001-01-08,2001,2,NOTDEFINED,28.0,1.0,1.0,2.0,
MEX,Mexico,2001-01-15,2001,3,NOTDEFINED,43.0,4.0,0.0,4.0,
MEX,Mexico,2001-01-22,2001,4,NOTDEFINED,34.0,9.0,0.0,9.0,
MEX,Mexico,2001-01-29,2001,5,NOTDEFINED,79.0,5.0,0.0,5.0,
MEX,Mexico,2001-02-05,2001,6,NOTDEFINED,58.0,7.0,0.0,7.0,
MEX,Mexico,2001-02-12,2001,7,NOTDEFINED,27.0,2.0,1.0,3.0,
MEX,Mexico,2001-02-19,2001,8,NOTDEFINED,21.0,2.0,0.0,2.0,
MEX,Mexico,2001-02-26,2001,9,NOTDEFINED,21.0,1.0,0.0,1.0,
MEX,Mexico,2001-03-05,2001,10,NOTDEFINED,18.0,2.0,0.0,2.0,
MEX,Mexico,2001-03-12,2001,11,NOTDEFINED,11.0,0.0,0.0,,
MEX,Mexico,2001-03-19,2001,12,NOTDEFINED,7.0,0.0,0.0,,
MEX,Mexico,2001-03-26,2001,13,NOTDEFINED,13.0,2.0,0.0,2.0,
MEX,Mexico,2001-04-02,2001,14,NOTDEFINED,19.0,3.0,0.0,3.0,
MEX,Mexico,2001-04-09,2001,15,NOTDEFINED,39.0,4.0,0.0,4.0,
MEX,Mexico,2001-04-16,2001,16,NOTDEFINED,13.0,0.0,0.0,,
MEX,Mexico,2001-04-23,2001,17,NOTDEFINED,5.0,0.0,0.0,,
MEX,Mexico,2001-04-30,2001,18,NOTDEFINED,4.0,0.0,0.0,,
MEX,Mexico,2001-05-07,2001,19,NOTDEFINED,10.0,0.0,0.0,,
MEX,Mexico,2001-05-14,2001,20,NOTDEFINED,13.0,1.0,0.0,1.0,
MEX,Mexico,2001-05-21,2001,21,NOTDEFINED,11.0,0.0,0.0,,
MEX,Mexico,2001-05-28,2001,22,NOTDEFINED,5.0,0.0,0.0,,
MEX,Mexico,2001-06-04,2001,23,NOTDEFINED,13.0,1.0,0.0,1.0,
MEX,Mexico,2001-06-11,2001,24,NOTDEFINED,5.0,1.0,0.0,1.0,
MEX,Mexico,2001-06-18,2001,25,NOTDEFINED,8.0,0.0,0.0,,
MEX,Mexico,2001-06-25,2001,26,NOTDEFINED,11.0,0.0,0.0,,
MEX,Mexico,2001-07-02,2001,27,NOTDEFINED,7.0,0.0,0.0,,
MEX,Mexico,2001-07-09,2001,28,NOTDEFINED,7.0,1.0,0.0,1.0,
MEX,Mexico,2001-07-16,2001,29,NOTDEFINED,5.0,0.0,0.0,,
MEX,Mexico,2001-07-23,2001,30,NOTDEFINED,8.0,0.0,0.0,,
MEX,Mexico,2001-07-30,2001,31,NOTDEFINED,6.0,0.0,0.0,,
MEX,Mexico,2001-08-06,2001,32,NOTDEFINED,13.0,3.0,0.0,3.0,
MEX,Mexico,2001-08-13,2001,33,NOTDEFINED,11.0,0.0,0.0,,
MEX,Mexico,2001-08-20,2001,34,NOTDEFINED,25.0,4.0,0.0,4.0,
MEX,Mexico,2001-08-27,2001,35,NOTDEFINED,23.0,1.0,0.0,1.0,
MEX,Mexico,2001-09-03,2001,36,NOTDEFINED,24.0,1.0,0.0,1.0,
MEX,Mexico,2001-09-10,2001,37,NOTDEFINED,19.0,3.0,0.0,3.0,
MEX,Mexico,2001-09-17,2001,38,NOTDEFINED,14.0,1.0,0.0,1.0,
MEX,Mexico,2001-09-24,2001,39,NOTDEFINED,20.0,1.0,0.0,1.0,
MEX,Mexico,2001-10-01,2001,40,NOTDEFINED,15.0,1.0,0.0,1.0,
MEX,Mexico,2001-10-08,2001,41,NOTDEFINED,17.0,1.0,0.0,1.0,
MEX,Mexico,2001-10-15,2001,42,NOTDEFINED,11.0,0.0,0.0,,
MEX,Mexico,2001-10-22,2001,43,NOTDEFINED,11.0,0.0,0.0,,
MEX,Mexico,2001-10-29,2001,44,NOTDEFINED,21.0,0.0,0.0,,
MEX,Mexico,2001-11-05,2001,45,NOTDEFINED,14.0,1.0,0.0,1.0,
MEX,Mexico,2001-11-12,2001,46,NOTDEFINED,28.0,0.0,0.0,,
MEX,Mexico,2001-11-19,2001,47,NOTDEFINED,32.0,1.0,0.0,1.0,
MEX,Mexico,2001-11-26,2001,48,NOTDEFINED,28.0,2.0,0.0,2.0,
MEX,Mexico,2001-12-03,2001,49,NOTDEFINED,48.0,7.0,0.0,7.0,
MEX,Mexico,2001-12-10,2001,50,NOTDEFINED,24.0,4.0,0.0,4.0,
MEX,Mexico,2001-12-17,2001,51,NOTDEFINED,13.0,1.0,0.0,1.0,
MEX,Mexico,2001-12-24,2001,52,NOTDEFINED,9.0,3.0,0.0,3.0,
MEX,Mexico,2001-12-31,2002,1,NOTDEFINED,38.0,4.0,0.0,4.0,
MEX,Mexico,2002-01-07,2002,2,NOTDEFINED,67.0,10.0,0.0,10.0,
MEX,Mexico,2002-01-14,2002,3,NOTDEFINED,65.0,7.0,2.0,9.0,
MEX,Mexico,2002-01-21,2002,4,NOTDEFINED,58.0,4.0,1.0,5.0,
MEX,Mexico,2002-01-28,2002,5,NOTDEFINED,57.0,3.0,0.0,3.0,
MEX,Mexico,2002-02-04,2002,6,NOTDEFINED,50.0,3.0,3.0,6.0,
MEX,Mexico,2002-02-11,2002,7,NOTDEFINED,83.0,1.0,0.0,1.0,
MEX,Mexico,2002-02-18,2002,8,NOTDEFINED,40.0,2.0,0.0,2.0,
MEX,Mexico,2002-02-25,2002,9,NOTDEFINED,28.0,0.0,2.0,2.0,
MEX,Mexico,2002-03-04,2002,10,NOTDEFINED,33.0,3.0,1.0,4.0,
MEX,Mexico,2002-03-11,2002,11,NOTDEFINED,24.0,1.0,1.0,2.0,
MEX,Mexico,2002-03-18,2002,12,NOTDEFINED,16.0,0.0,0.0,,
MEX,Mexico,2002-03-25,2002,13,NOTDEFINED,23.0,0.0,1.0,1.0,
MEX,Mexico,2002-04-01,2002,14,NOTDEFINED,18.0,0.0,2.0,2.0,
MEX,Mexico,2002-04-08,2002,15,NOTDEFINED,6.0,1.0,2.0,3.0,
MEX,Mexico,2002-04-15,2002,16,NOTDEFINED,9.0,1.0,0.0,1.0,
MEX,Mexico,2002-04-22,2002,17,NOTDEFINED,5.0,0.0,0.0,,
MEX,Mexico,2002-04-29,2002,18,NOTDEFINED,10.0,0.0,2.0,2.0,
MEX,Mexico,2002-05-06,2002,19,NOTDEFINED,9.0,0.0,1.0,1.0,
MEX,Mexico,2002-05-13,2002,20,NOTDEFINED,30.0,0.0,7.0,7.0,
MEX,Mexico,2002-05-20,2002,21,NOTDEFINED,17.0,0.0,4.0,4.0,
MEX,Mexico,2002-05-27,2002,22,NOTDEFINED,31.0,1.0,1.0,2.0,
MEX,Mexico,2002-06-03,2002,23,NOTDEFINED,23.0,0.0,2.0,2.0,
MEX,Mexico,2002-06-10,2002,24,NOTDEFINED,62.0,2.0,1.0,3.0,
MEX,Mexico,2002-06-17,2002,25,NOTDEFINED,23.0,0.0,1.0,1.0,
MEX,Mexico,2002-06-24,2002,26,NOTDEFINED,25.0,1.0,0.0,1.0,
MEX,Mexico,2002-07-01,2002,27,NOTDEFINED,8.0,0.0,0.0,,
MEX,Mexico,2002-07-08,2002,28,NOTDEFINED,17.0,0.0,0.0,,
MEX,Mexico,2002-07-15,2002,29,NOTDEFINED,9.0,0.0,0.0,,
MEX,Mexico,2002-07-22,2002,30,NOTDEFINED,7.0,0.0,0.0,,
MEX,Mexico,2002-07-29,2002,31,NOTDEFINED,6.0,0.0,0.0,,
MEX,Mexico,2002-08-05,2002,32,NOTDEFINED,6.0,0.0,0.0,,
MEX,Mexico,2002-08-12,2002,33,NOTDEFINED,7.0,0.0,0.0,,
MEX,Mexico,2002-08-19,2002,34,NOTDEFINED,21.0,0.0,0.0,,
MEX,Mexico,2002-08-26,2002,35,NOTDEFINED,8.0,0.0,0.0,,
MEX,Mexico,2002-09-02,2002,36,NOTDEFINED,2.0,0.0,0.0,,
MEX,Mexico,2002-09-09,2002,37,NOTDEFINED,9.0,0.0,0.0,,
MEX,Mexico,2002-09-16,2002,38,NOTDEFINED,25.0,0.0,0.0,,
MEX,Mexico,2002-09-23,2002,39,NOTDEFINED,28.0,1.0,0.0,1.0,
MEX,Mexico,2002-09-30,2002,40,NOTDEFINED,31.0,0.0,1.0,1.0,
MEX,Mexico,2002-10-07,2002,41,NOTDEFINED,43.0,0.0,0.0,,
MEX,Mexico,2002-10-14,2002,42,NOTDEFINED,44.0,1.0,1.0,2.0,
MEX,Mexico,2002-10-21,2002,43,NOTDEFINED,34.0,0.0,1.0,1.0,
MEX,Mexico,2002-10-28,2002,44,NOTDEFINED,60.0,0.0,2.0,2.0,
MEX,Mexico,2002-11-04,2002,45,NOTDEFINED,61.0,1.0,2.0,3.0,
MEX,Mexico,2002-11-11,2002,46,NOTDEFINED,44.0,2.0,0.0,2.0,
MEX,Mexico,2002-11-18,2002,47,NOTDEFINED,43.0,2.0,0.0,2.0,
MEX,Mexico,2002-11-25,2002,48,NOTDEFINED,50.0,2.0,0.0,2.0,
MEX,Mexico,2002-12-02,2002,49,NOTDEFINED,75.0,3.0,1.0,4.0,
MEX,Mexico,2002-12-09,2002,50,NOTDEFINED,11.0,3.0,0.0,3.0,
MEX,Mexico,2002-12-16,2002,51,NOTDEFINED,0.0,0.0,0.0,,
MEX,Mexico,2002-12-23,2002,52,NOTDEFINED,11.0,0.0,1.0,1.0,
MEX,Mexico,2002-12-30,2003,1,NOTDEFINED,34.0,1.0,1.0,2.0,
MEX,Mexico,2003-01-06,2003,2,NOTDEFINED,80.0,5.0,0.0,5.0,
MEX,Mexico,2003-01-13,2003,3,NOTDEFINED,90.0,16.0,2.0,18.0,
MEX,Mexico,2003-01-20,2003,4,NOTDEFINED,85.0,6.0,2.0,8.0,
MEX,Mexico,2003-01-27,2003,5,NOTDEFINED,54.0,4.0,0.0,4.0,
MEX,Mexico,2003-02-03,2003,6,NOTDEFINED,86.0,6.0,2.0,8.0,
MEX,Mexico,2003-02-10,2003,7,NOTDEFINED,100.0,13.0,1.0,14.0,
MEX,Mexico,2003-02-17,2003,8,NOTDEFINED,151.0,11.0,0.0,11.0,
MEX,Mexico,2003-02-24,2003,9,NOTDEFINED,136.0,6.0,2.0,8.0,
MEX,Mexico,2003-03-03,2003,10,NOTDEFINED,97.0,11.0,3.0,14.0,
MEX,Mexico,2003-03-10,2003,11,NOTDEFINED,114.0,6.0,1.0,7.0,
MEX,Mexico,2003-03-17,2003,12,NOTDEFINED,123.0,10.0,0.0,10.0,
MEX,Mexico,2003-03-24,2003,13,NOTDEFINED,118.0,13.0,0.0,13.0,
MEX,Mexico,2003-03-31,2003,14,NOTDEFINED,60.0,8.0,0.0,8.0,
MEX,Mexico,2003-04-07,2003,15,NOTDEFINED,39.0,0.0,0.0,,
MEX,Mexico,2003-04-14,2003,16,NOTDEFINED,90.0,7.0,0.0,7.0,
MEX,Mexico,2003-04-21,2003,17,NOTDEFINED,31.0,0.0,0.0,,
MEX,Mexico,2003-04-28,2003,18,NOTDEFINED,46.0,2.0,0.0,2.0,
MEX,Mexico,2003-05-05,2003,19,NOTDEFINED,42.0,0.0,0.0,,
MEX,Mexico,2003-05-12,2003,20,NOTDEFINED,51.0,2.0,0.0,2.0,
MEX,Mexico,2003-05-19,2003,21,NOTDEFINED,38.0,1.0,0.0,1.0,
MEX,Mexico,2003-05-26,2003,22,NOTDEFINED,43.0,1.0,0.0,1.0,
MEX,Mexico,2003-06-02,2003,23,NOTDEFINED,67.0,0.0,0.0,,
MEX,Mexico,2003-06-09,2003,24,NOTDEFINED,63.0,0.0,1.0,1.0,
MEX,Mexico,2003-06-16,2003,25,NOTDEFINED,19.0,0.0,0.0,,
MEX,Mexico,2003-06-23,2003,26,NOTDEFINED,9.0,0.0,0.0,,
MEX,Mexico,2003-06-30,2003,27,NOTDEFINED,28.0,1.0,0.0,1.0,
MEX,Mexico,2003-07-07,2003,28,NOTDEFINED,12.0,0.0,0.0,,
MEX,Mexico,2003-07-14,2003,29,NOTDEFINED,16.0,0.0,0.0,,
MEX,Mexico,2003-07-21,2003,30,NOTDEFINED,14.0,0.0,0.0,,
MEX,Mexico,2003-07-28,2003,31,NOTDEFINED,35.0,2.0,0.0,2.0,
MEX,Mexico,2003-08-04,2003,32,NOTDEFINED,29.0,0.0,0.0,,
MEX,Mexico,2003-08-11,2003,33,NOTDEFINED,19.0,0.0,0.0,,
MEX,Mexico,2003-08-18,2003,34,NOTDEFINED,19.0,0.0,0.0,,
MEX,Mexico,2003-08-25,2003,35,NOTDEFINED,13.0,1.0,0.0,1.0,
MEX,Mexico,2003-09-01,2003,36,NOTDEFINED,10.0,1.0,0.0,1.0,
MEX,Mexico,2003-09-08,2003,37,NOTDEFINED,11.0,0.0,0.0,,
MEX,Mexico,2003-09-15,2003,38,NOTDEFINED,14.0,0.0,0.0,,
MEX,Mexico,2003-09-22,2003,39,NOTDEFINED,7.0,0.0,0.0,,
MEX,Mexico,2003-09-29,2003,40,NOTDEFINED,19.0,0.0,0.0,,
MEX,Mexico,2003-10-06,2003,41,NOTDEFINED,42.0,1.0,1.0,2.0,
MEX,Mexico,2003-10-13,2003,42,NOTDEFINED,37.0,1.0,0.0,1.0,
MEX,Mexico,2003-10-20,2003,43,NOTDEFINED,22.0,2.0,0.0,2.0,
MEX,Mexico,2003-10-27,2003,44,NOTDEFINED,29.0,1.0,1.0,2.0,
MEX,Mexico,2003-11-03,2003,45,NOTDEFINED,52.0,3.0,0.0,3.0,
MEX,Mexico,2003-11-10,2003,46,NOTDEFINED,69.0,3.0,0.0,3.0,
MEX,Mexico,2003-11-17,2003,47,NOTDEFINED,74.0,9.0,0.0,9.0,
MEX,Mexico,2003-11-24,2003,48,NOTDEFINED,114.0,41.0,0.0,41.0,
MEX,Mexico,2003-12-01,2003,49,NOTDEFINED,198.0,76.0,1.0,77.0,
MEX,Mexico,2003-12-08,2003,50,NOTDEFINED,158.0,48.0,1.0,49.0,
MEX,Mexico,2003-12-15,2003,51,NOTDEFINED,26.0,7.0,0.0,7.0,
MEX,Mexico,2003-12-22,2003,52,NOTDEFINED,165.0,31.0,0.0,31.0,
MEX,Mexico,2003-12-29,2004,1,NOTDEFINED,0.0,0.0,0.0,,
MEX,Mexico,2004-01-05,2004,2,NOTDEFINED,110.0,9.0,0.0,9.0,
MEX,Mexico,2004-01-12,2004,3,NOTDEFINED,92.0,8.0,0.0,8.0,
MEX,Mexico,2004-01-19,2004,4,NOTDEFINED,98.0,3.0,1.0,4.0,
MEX,Mexico,2004-01-26,2004,5,NOTDEFINED,88.0,0.0,0.0,,
MEX,Mexico,2004-02-02,2004,6,NOTDEFINED,52.0,0.0,0.0,,
MEX,Mexico,2004-02-09,2004,7,NOTDEFINED,85.0,0.0,0.0,,
MEX,Mexico,2004-02-16,2004,8,NOTDEFINED,74.0,0.0,0.0,,
MEX,Mexico,2004-02-23,2004,9,NOTDEFINED,74.0,0.0,0.0,,
MEX,Mexico,2004-03-01,2004,10,NOTDEFINED,48.0,0.0,0.0,,
MEX,Mexico,2004-03-08,2004,11,NOTDEFINED,33.0,0.0,0.0,,
MEX,Mexico,2004-03-15,2004,12,NOTDEFINED,34.0,2.0,0.0,2.0,
MEX,Mexico,2004-03-22,2004,13,NOTDEFINED,48.0,2.0,1.0,3.0,
MEX,Mexico,2004-03-29,2004,14,NOTDEFINED,34.0,0.0,1.0,1.0,
MEX,Mexico,2004-04-05,2004,15,NOTDEFINED,9.0,0.0,0.0,,
MEX,Mexico,2004-04-12,2004,16,NOTDEFINED,10.0,0.0,0.0,,
MEX,Mexico,2004-04-19,2004,17,NOTDEFINED,24.0,0.0,0.0,,
MEX,Mexico,2004-04-26,2004,18,NOTDEFINED,20.0,0.0,0.0,,
MEX,Mexico,2004-05-03,2004,19,NOTDEFINED,8.0,0.0,0.0,,
MEX,Mexico,2004-05-10,2004,20,NOTDEFINED,27.0,0.0,0.0,,
MEX,Mexico,2004-05-17,2004,21,NOTDEFINED,17.0,0.0,0.0,,
MEX,Mexico,2004-05-24,2004,22,NOTDEFINED,14.0,0.0,0.0,,
MEX,Mexico,2004-05-31,2004,23,NOTDEFINED,11.0,0.0,0.0,,
MEX,Mexico,2004-06-07,2004,24,NOTDEFINED,17.0,0.0,0.0,,
MEX,Mexico,2004-06-14,2004,25,NOTDEFINED,25.0,0.0,0.0,,
MEX,Mexico,2004-06-21,2004,26,NOTDEFINED,23.0,0.0,0.0,,
MEX,Mexico,2004-06-28,2004,27,NOTDEFINED,10.0,0.0,0.0,,
MEX,Mexico,2004-07-05,2004,28,NOTDEFINED,17.0,0.0,0.0,,
MEX,Mexico,2004-07-12,2004,29,NOTDEFINED,16.0,1.0,0.0,1.0,
MEX,Mexico,2004-07-19,2004,30,NOTDEFINED,15.0,0.0,0.0,,
MEX,Mexico,2004-07-26,2004,31,NOTDEFINED,11.0,0.0,0.0,,
MEX,Mexico,2004-08-02,2004,32,NOTDEFINED,27.0,0.0,0.0,,
MEX,Mexico,2004-08-09,2004,33,NOTDEFINED,16.0,0.0,0.0,,
MEX,Mexico,2004-08-16,2004,34,NOTDEFINED,14.0,0.0,0.0,,
MEX,Mexico,2004-08-23,2004,35,NOTDEFINED,38.0,0.0,0.0,,
MEX,Mexico,2004-08-30,2004,36,NOTDEFINED,45.0,0.0,0.0,,
MEX,Mexico,2004-09-06,2004,37,NOTDEFINED,50.0,0.0,0.0,,
MEX,Mexico,2004-09-13,2004,38,NOTDEFINED,29.0,0.0,0.0,,
MEX,Mexico,2004-09-20,2004,39,NOTDEFINED,65.0,0.0,0.0,,
MEX,Mexico,2004-09-27,2004,40,NOTDEFINED,51.0,1.0,0.0,1.0,
MEX,Mexico,2004-10-04,2004,41,NOTDEFINED,59.0,1.0,0.0,1.0,
MEX,Mexico,2004-10-11,2004,42,NOTDEFINED,66.0,0.0,0.0,,
MEX,Mexico,2004-10-18,2004,43,NOTDEFINED,83.0,0.0,2.0,2.0,
MEX,Mexico,2004-10-25,2004,44,NOTDEFINED,70.0,0.0,1.0,1.0,
MEX,Mexico,2004-11-01,2004,45,NOTDEFINED,66.0,0.0,0.0,,
MEX,Mexico,2004-11-08,2004,46,NOTDEFINED,105.0,0.0,0.0,,
MEX,Mexico,2004-11-15,2004,47,NOTDEFINED,104.0,0.0,0.0,,
MEX,Mexico,2004-11-22,2004,48,NOTDEFINED,82.0,0.0,8.0,8.0,
MEX,Mexico,2004-11-29,2004,49,NOTDEFINED,106.0,0.0,6.0,6.0,
MEX,Mexico,2004-12-06,2004,50,NOTDEFINED,86.0,0.0,7.0,7.0,
MEX,Mexico,2004-12-13,2004,51,NOTDEFINED,58.0,0.0,4.0,4.0,
MEX,Mexico,2004-12-20,2004,52,NOTDEFINED,8.0,0.0,3.0,3.0,
MEX,Mexico,2004-12-27,2004,53,NOTDEFINED,3.0,0.0,0.0,,
MEX,Mexico,2005-01-03,2005,1,NOTDEFINED,70.0,0.0,4.0,4.0,
MEX,Mexico,2005-01-10,2005,2,NOTDEFINED,48.0,1.0,1.0,2.0,
MEX,Mexico,2005-01-17,2005,3,NOTDEFINED,71.0,2.0,4.0,6.0,
MEX,Mexico,2005-01-24,2005,4,NOTDEFINED,87.0,1.0,2.0,3.0,
MEX,Mexico,2005-01-31,2005,5,NOTDEFINED,70.0,2.0,1.0,3.0,
MEX,Mexico,2005-02-07,2005,6,NOTDEFINED,87.0,1.0,2.0,3.0,
MEX,Mexico,2005-02-14,2005,7,NOTDEFINED,54.0,2.0,0.0,2.0,
MEX,Mexico,2005-02-21,2005,8,NOTDEFINED,28.0,0.0,0.0,,
MEX,Mexico,2005-02-28,2005,9,NOTDEFINED,51.0,3.0,1.0,4.0,
MEX,Mexico,2005-03-07,2005,10,NOTDEFINED,54.0,3.0,0.0,3.0,
MEX,Mexico,2005-03-14,2005,11,NOTDEFINED,44.0,4.0,0.0,4.0,
MEX,Mexico,2005-03-21,2005,12,NOTDEFINED,22.0,2.0,0.0,2.0,
MEX,Mexico,2005-03-28,2005,13,NOTDEFINED,43.0,3.0,,3.0,
MEX,Mexico,2005-04-04,2005,14,NOTDEFINED,30.0,3.0,0.0,3.0,
MEX,Mexico,2005-04-11,2005,15,NOTDEFINED,34.0,4.0,1.0,5.0,
MEX,Mexico,2005-04-18,2005,16,NOTDEFINED,42.0,2.0,0.0,2.0,
MEX,Mexico,2005-04-25,2005,17,NOTDEFINED,26.0,0.0,0.0,,
MEX,Mexico,2005-05-02,2005,18,NOTDEFINED,26.0,0.0,0.0,,
MEX,Mexico,2005-05-09,2005,19,NOTDEFINED,32.0,0.0,0.0,,
MEX,Mexico,2005-05-16,2005,20,NOTDEFINED,26.0,1.0,0.0,1.0,
MEX,Mexico,2005-05-23,2005,21,NOTDEFINED,44.0,2.0,0.0,2.0,
MEX,Mexico,2005-05-30,2005,22,NOTDEFINED,30.0,3.0,0.0,3.0,
MEX,Mexico,2005-06-06,2005,23,NOTDEFINED,17.0,1.0,0.0,1.0,
MEX,Mexico,2005-06-13,2005,24,NOTDEFINED,21.0,1.0,0.0,1.0,
MEX,Mexico,2005-06-20,2005,25,NOTDEFINED,24.0,1.0,1.0,2.0,
MEX,Mexico,2005-06-27,2005,26,NOTDEFINED,21.0,1.0,1.0,2.0,
MEX,Mexico,2005-07-04,2005,27,NOTDEFINED,16.0,0.0,0.0,,
MEX,Mexico,2005-07-11,2005,28,NOTDEFINED,11.0,0.0,0.0,,
MEX,Mexico,2005-07-18,2005,29,NOTDEFINED,5.0,0.0,0.0,,
MEX,Mexico,2005-07-25,2005,30,NOTDEFINED,3.0,0.0,0.0,,
MEX,Mexico,2005-08-01,2005,31,NOTDEFINED,12.0,0.0,0.0,,
MEX,Mexico,2005-08-08,2005,32,NOTDEFINED,5.0,1.0,0.0,1.0,
MEX,Mexico,2005-08-15,2005,33,NOTDEFINED,8.0,0.0,0.0,,
MEX,Mexico,2005-08-22,2005,34,NOTDEFINED,21.0,0.0,0.0,,
MEX,Mexico,2005-08-29,2005,35,NOTDEFINED,30.0,1.0,0.0,1.0,
MEX,Mexico,2005-09-05,2005,36,NOTDEFINED,19.0,0.0,0.0,,
MEX,Mexico,2005-09-12,2005,37,NOTDEFINED,18.0,0.0,0.0,,
MEX,Mexico,2005-09-19,2005,38,NOTDEFINED,43.0,0.0,0.0,,
MEX,Mexico,2005-09-26,2005,39,NOTDEFINED,73.0,3.0,0.0,3.0,
MEX,Mexico,2005-10-03,2005,40,NOTDEFINED,54.0,4.0,0.0,4.0,
MEX,Mexico,2005-10-10,2005,41,NOTDEFINED,61.0,4.0,0.0,4.0,
MEX,Mexico,2005-10-17,2005,42,NOTDEFINED,71.0,9.0,1.0,10.0,
MEX,Mexico,2005-10-24,2005,43,NOTDEFINED,125.0,19.0,1.0,20.0,
MEX,Mexico,2005-10-31,2005,44,NOTDEFINED,102.0,21.0,0.0,21.0,
MEX,Mexico,2005-11-07,2005,45,NOTDEFINED,142.0,39.0,0.0,39.0,
MEX,Mexico,2005-11-14,2005,46,NOTDEFINED,202.0,41.0,0.0,41.0,
MEX,Mexico,2005-11-21,2005,47,NOTDEFINED,176.0,32.0,0.0,32.0,
MEX,Mexico,2005-11-28,2005,48,NOTDEFINED,188.0,26.0,0.0,26.0,
MEX,Mexico,2005-12-05,2005,49,NOTDEFINED,82.0,15.0,1.0,16.0,
MEX,Mexico,2005-12-12,2005,50,NOTDEFINED,85.0,10.0,1.0,11.0,
MEX,Mexico,2005-12-19,2005,51,NOTDEFINED,32.0,3.0,1.0,4.0,
MEX,Mexico,2005-12-26,2005,52,NOTDEFINED,35.0,3.0,0.0,3.0,
MEX,Mexico,2006-01-02,2006,1,NOTDEFINED,23.0,0.0,0.0,,
MEX,Mexico,2006-01-09,2006,2,NOTDEFINED,65.0,2.0,0.0,2.0,
MEX,Mexico,2006-01-16,2006,3,NOTDEFINED,60.0,3.0,0.0,3.0,
MEX,Mexico,2006-01-23,2006,4,NOTDEFINED,57.0,1.0,0.0,1.0,
MEX,Mexico,2006-01-30,2006,5,NOTDEFINED,54.0,0.0,1.0,1.0,
MEX,Mexico,2006-02-06,2006,6,NOTDEFINED,47.0,0.0,1.0,1.0,
MEX,Mexico,2006-02-13,2006,7,NOTDEFINED,65.0,0.0,0.0,,
MEX,Mexico,2006-02-20,2006,8,NOTDEFINED,51.0,0.0,1.0,1.0,
MEX,Mexico,2006-02-27,2006,9,NOTDEFINED,48.0,0.0,1.0,1.0,
MEX,Mexico,2006-03-06,2006,10,NOTDEFINED,63.0,0.0,2.0,2.0,
MEX,Mexico,2006-03-13,2006,11,NOTDEFINED,58.0,0.0,1.0,1.0,
MEX,Mexico,2006-03-20,2006,12,NOTDEFINED,49.0,0.0,1.0,1.0,
MEX,Mexico,2006-03-27,2006,13,NOTDEFINED,50.0,1.0,2.0,3.0,
MEX,Mexico,2006-04-03,2006,14,NOTDEFINED,40.0,1.0,3.0,4.0,
MEX,Mexico,2006-04-10,2006,15,NOTDEFINED,8.0,0.0,1.0,1.0,
MEX,Mexico,2006-04-17,2006,16,NOTDEFINED,22.0,0.0,0.0,,
MEX,Mexico,2006-04-24,2006,17,NOTDEFINED,21.0,0.0,0.0,,
MEX,Mexico,2006-05-01,2006,18,NOTDEFINED,24.0,0.0,1.0,1.0,
MEX,Mexico,2006-05-08,2006,19,NOTDEFINED,47.0,0.0,0.0,,
MEX,Mexico,2006-05-15,2006,20,NOTDEFINED,66.0,0.0,0.0,,
MEX,Mexico,2006-05-22,2006,21,NOTDEFINED,27.0,0.0,0.0,,
MEX,Mexico,2006-05-29,2006,22,NOTDEFINED,32.0,1.0,0.0,1.0,
MEX,Mexico,2006-06-05,2006,23,NOTDEFINED,59.0,0.0,0.0,,
MEX,Mexico,2006-06-12,2006,24,NOTDEFINED,55.0,0.0,1.0,1.0,
MEX,Mexico,2006-06-19,2006,25,NOTDEFINED,59.0,1.0,0.0,1.0,
MEX,Mexico,2006-06-26,2006,26,NOTDEFINED,34.0,1.0,1.0,2.0,
MEX,Mexico,2006-07-03,2006,27,NOTDEFINED,28.0,0.0,0.0,,
MEX,Mexico,2006-07-10,2006,28,NOTDEFINED,30.0,1.0,0.0,1.0,
MEX,Mexico,2006-07-17,2006,29,NOTDEFINED,35.0,0.0,0.0,,
MEX,Mexico,2006-07-24,2006,30,NOTDEFINED,47.0,0.0,0.0,,
MEX,Mexico,2006-07-31,2006,31,NOTDEFINED,41.0,0.0,0.0,,
MEX,Mexico,2006-08-07,2006,32,NOTDEFINED,45.0,0.0,0.0,,
MEX,Mexico,2006-08-14,2006,33,NOTDEFINED,34.0,0.0,0.0,,
MEX,Mexico,2006-08-21,2006,34,NOTDEFINED,36.0,1.0,0.0,1.0,
MEX,Mexico,2006-08-28,2006,35,NOTDEFINED,62.0,1.0,0.0,1.0,
MEX,Mexico,2006-09-04,2006,36,NOTDEFINED,66.0,1.0,0.0,1.0,
MEX,Mexico,2006-09-11,2006,37,NOTDEFINED,91.0,0.0,0.0,,
MEX,Mexico,2006-09-18,2006,38,NOTDEFINED,118.0,0.0,0.0,,
MEX,Mexico,2006-09-25,2006,39,NOTDEFINED,103.0,1.0,0.0,1.0,
MEX,Mexico,2006-10-02,2006,40,NOTDEFINED,152.0,6.0,6.0,12.0,
MEX,Mexico,2006-10-09,2006,41,NOTDEFINED,218.0,5.0,12.0,17.0,
MEX,Mexico,2006-10-16,2006,42,NOTDEFINED,165.0,5.0,0.0,5.0,
MEX,Mexico,2006-10-23,2006,43,NOTDEFINED,144.0,0.0,1.0,1.0,
MEX,Mexico,2006-10-30,2006,44,NOTDEFINED,130.0,1.0,0.0,1.0,
MEX,Mexico,2006-11-06,2006,45,NOTDEFINED,171.0,3.0,0.0,3.0,
MEX,Mexico,2006-11-13,2006,46,NOTDEFINED,151.0,4.0,2.0,6.0,
MEX,Mexico,2006-11-20,2006,47,NOTDEFINED,153.0,1.0,2.0,3.0,
MEX,Mexico,2006-11-27,2006,48,NOTDEFINED,172.0,0.0,2.0,2.0,
MEX,Mexico,2006-12-04,2006,49,NOTDEFINED,289.0,2.0,1.0,3.0,
MEX,Mexico,2006-12-11,2006,50,NOTDEFINED,354.0,2.0,2.0,4.0,
MEX,Mexico,2006-12-18,2006,51,NOTDEFINED,124.0,2.0,3.0,5.0,
MEX,Mexico,2006-12-25,2006,52,NOTDEFINED,46.0,2.0,0.0,2.0,
MEX,Mexico,2007-01-01,2007,1,NOTDEFINED,26.0,0.0,0.0,,
MEX,Mexico,2007-01-08,2007,2,NOTDEFINED,82.0,1.0,1.0,2.0,
MEX,Mexico,2007-01-15,2007,3,NOTDEFINED,142.0,3.0,4.0,7.0,
MEX,Mexico,2007-01-22,2007,4,NOTDEFINED,163.0,2.0,0.0,2.0,
MEX,Mexico,2007-01-29,2007,5,NOTDEFINED,142.0,3.0,1.0,4.0,
MEX,Mexico,2007-02-05,2007,6,NOTDEFINED,115.0,4.0,1.0,5.0,
MEX,Mexico,2007-02-12,2007,7,NOTDEFINED,134.0,2.0,2.0,4.0,
MEX,Mexico,2007-02-19,2007,8,NOTDEFINED,210.0,12.0,2.0,14.0,
MEX,Mexico,2007-02-26,2007,9,NOTDEFINED,186.0,11.0,3.0,14.0,
MEX,Mexico,2007-03-05,2007,10,NOTDEFINED,216.0,7.0,8.0,15.0,
MEX,Mexico,2007-03-12,2007,11,NOTDEFINED,188.0,24.0,5.0,29.0,
MEX,Mexico,2007-03-19,2007,12,NOTDEFINED,153.0,15.0,1.0,16.0,
MEX,Mexico,2007-03-26,2007,13,NOTDEFINED,129.0,26.0,1.0,27.0,
MEX,Mexico,2007-04-02,2007,14,NOTDEFINED,34.0,4.0,1.0,5.0,
MEX,Mexico,2007-04-09,2007,15,NOTDEFINED,73.0,7.0,0.0,7.0,
MEX,Mexico,2007-04-16,2007,16,NOTDEFINED,84.0,5.0,1.0,6.0,
MEX,Mexico,2007-04-23,2007,17,NOTDEFINED,63.0,6.0,1.0,7.0,
MEX,Mexico,2007-04-30,2007,18,NOTDEFINED,77.0,10.0,0.0,10.0,
MEX,Mexico,2007-05-07,2007,19,NOTDEFINED,72.0,7.0,1.0,8.0,
MEX,Mexico,2007-05-14,2007,20,NOTDEFINED,82.0,5.0,0.0,5.0,
MEX,Mexico,2007-05-21,2007,21,NOTDEFINED,88.0,7.0,1.0,8.0,
MEX,Mexico,2007-05-28,2007,22,NOTDEFINED,40.0,0.0,0.0,,
MEX,Mexico,2007-06-04,2007,23,NOTDEFINED,63.0,4.0,0.0,4.0,
MEX,Mexico,2007-06-11,2007,24,NOTDEFINED,76.0,1.0,0.0,1.0,
MEX,Mexico,2007-06-18,2007,25,NOTDEFINED,62.0,1.0,0.0,1.0,
MEX,Mexico,2007-06-25,2007,26,NOTDEFINED,60.0,3.0,0.0,3.0,
MEX,Mexico,2007-07-02,2007,27,NOTDEFINED,51.0,1.0,0.0,1.0,
MEX,Mexico,2007-07-09,2007,28,NOTDEFINED,42.0,1.0,1.0,2.0,
MEX,Mexico,2007-07-16,2007,29,NOTDEFINED,29.0,1.0,1.0,2.0,
MEX,Mexico,2007-07-23,2007,30,NOTDEFINED,36.0,1.0,2.0,3.0,
MEX,Mexico,2007-07-30,2007,31,NOTDEFINED,34.0,1.0,0.0,1.0,
MEX,Mexico,2007-08-06,2007,32,NOTDEFINED,21.0,1.0,0.0,1.0,
MEX,Mexico,2007-08-13,2007,33,NOTDEFINED,31.0,0.0,0.0,,
MEX,Mexico,2007-08-20,2007,34,NOTDEFINED,24.0,0.0,0.0,,
MEX,Mexico,2007-08-27,2007,35,NOTDEFINED,59.0,8.0,0.0,8.0,
MEX,Mexico,2007-09-03,2007,36,NOTDEFINED,52.0,3.0,0.0,3.0,
MEX,Mexico,2007-09-10,2007,37,NOTDEFINED,78.0,2.0,0.0,2.0,
MEX,Mexico,2007-09-17,2007,38,NOTDEFINED,100.0,3.0,0.0,3.0,
MEX,Mexico,2007-09-24,2007,39,NOTDEFINED,77.0,0.0,0.0,,
MEX,Mexico,2007-10-01,2007,40,NOTDEFINED,76.0,2.0,0.0,2.0,
MEX,Mexico,2007-10-08,2007,41,NOTDEFINED,68.0,3.0,0.0,3.0,
MEX,Mexico,2007-10-15,2007,42,NOTDEFINED,95.0,7.0,0.0,7.0,
MEX,Mexico,2007-10-22,2007,43,NOTDEFINED,104.0,1.0,0.0,1.0,
MEX,Mexico,2007-10-29,2007,44,NOTDEFINED,63.0,4.0,0.0,4.0,
MEX,Mexico,2007-11-05,2007,45,NOTDEFINED,191.0,7.0,0.0,7.0,
MEX,Mexico,2007-11-12,2007,46,NOTDEFINED,167.0,21.0,0.0,21.0,
MEX,Mexico,2007-11-19,2007,47,NOTDEFINED,220.0,34.0,0.0,34.0,
MEX,Mexico,2007-11-26,2007,48,NOTDEFINED,231.0,31.0,0.0,31.0,
MEX,Mexico,2007-12-03,2007,49,NOTDEFINED,379.0,26.0,0.0,26.0,
MEX,Mexico,2007-12-10,2007,50,NOTDEFINED,340.0,21.0,0.0,21.0,
MEX,Mexico,2007-12-17,2007,51,NOTDEFINED,123.0,2.0,0.0,2.0,
MEX,Mexico,2007-12-24,2007,52,NOTDEFINED,46.0,0.0,0.0,,
MEX,Mexico,2007-12-31,2008,1,NOTDEFINED,118.0,0.0,1.0,1.0,
MEX,Mexico,2008-01-07,2008,2,NOTDEFINED,219.0,7.0,0.0,7.0,
MEX,Mexico,2008-01-14,2008,3,NOTDEFINED,211.0,10.0,2.0,12.0,
MEX,Mexico,2008-01-21,2008,4,NOTDEFINED,304.0,16.0,0.0,16.0,
MEX,Mexico,2008-01-28,2008,5,NOTDEFINED,207.0,4.0,1.0,5.0,
MEX,Mexico,2008-02-04,2008,6,NOTDEFINED,120.0,4.0,0.0,4.0,
MEX,Mexico,2008-02-11,2008,7,NOTDEFINED,190.0,9.0,0.0,9.0,
MEX,Mexico,2008-02-18,2008,8,NOTDEFINED,191.0,6.0,0.0,6.0,
MEX,Mexico,2008-02-25,2008,9,NOTDEFINED,183.0,10.0,0.0,10.0,
MEX,Mexico,2008-03-03,2008,10,NOTDEFINED,171.0,7.0,1.0,8.0,
MEX,Mexico,2008-03-10,2008,11,NOTDEFINED,159.0,7.0,1.0,8.0,
MEX,Mexico,2008-03-17,2008,12,NOTDEFINED,40.0,0.0,0.0,,
MEX,Mexico,2008-03-24,2008,13,NOTDEFINED,78.0,1.0,0.0,1.0,
MEX,Mexico,2008-03-31,2008,14,NOTDEFINED,82.0,0.0,0.0,,
MEX,Mexico,2008-04-07,2008,15,NOTDEFINED,102.0,2.0,1.0,3.0,
MEX,Mexico,2008-04-14,2008,16,NOTDEFINED,132.0,1.0,0.0,1.0,
MEX,Mexico,2008-04-21,2008,17,NOTDEFINED,170.0,0.0,0.0,,
MEX,Mexico,2008-04-28,2008,18,NOTDEFINED,74.0,3.0,0.0,3.0,
MEX,Mexico,2008-05-05,2008,19,NOTDEFINED,59.0,1.0,0.0,1.0,
MEX,Mexico,2008-05-12,2008,20,NOTDEFINED,57.0,0.0,0.0,,
MEX,Mexico,2008-05-19,2008,21,NOTDEFINED,58.0,0.0,0.0,,
MEX,Mexico,2008-05-26,2008,22,NOTDEFINED,52.0,0.0,0.0,,
MEX,Mexico,2008-06-02,2008,23,NOTDEFINED,23.0,0.0,0.0,,
MEX,Mexico,2008-06-09,2008,24,NOTDEFINED,33.0,0.0,0.0,,
MEX,Mexico,2008-06-16,2008,25,NOTDEFINED,58.0,0.0,0.0,,
MEX,Mexico,2008-06-23,2008,26,NOTDEFINED,71.0,0.0,0.0,,
MEX,Mexico,2008-06-30,2008,27,NOTDEFINED,54.0,0.0,0.0,,
MEX,Mexico,2008-07-07,2008,28,NOTDEFINED,34.0,0.0,0.0,,
MEX,Mexico,2008-07-14,2008,29,NOTDEFINED,60.0,1.0,0.0,1.0,
MEX,Mexico,2008-07-21,2008,30,NOTDEFINED,56.0,1.0,0.0,1.0,
MEX,Mexico,2008-07-28,2008,31,NOTDEFINED,52.0,0.0,0.0,,
MEX,Mexico,2008-08-04,2008,32,NOTDEFINED,29.0,0.0,0.0,,
MEX,Mexico,2008-08-11,2008,33,NOTDEFINED,50.0,0.0,0.0,,
MEX,Mexico,2008-08-18,2008,34,NOTDEFINED,49.0,0.0,0.0,,
MEX,Mexico,2008-08-25,2008,35,NOTDEFINED,76.0,1.0,0.0,1.0,
MEX,Mexico,2008-09-01,2008,36,NOTDEFINED,80.0,2.0,0.0,2.0,
MEX,Mexico,2008-09-08,2008,37,NOTDEFINED,59.0,1.0,0.0,1.0,
MEX,Mexico,2008-09-15,2008,38,NOTDEFINED,97.0,0.0,0.0,,
MEX,Mexico,2008-09-22,2008,39,NOTDEFINED,111.0,0.0,0.0,,
MEX,Mexico,2008-09-29,2008,40,NOTDEFINED,135.0,1.0,1.0,2.0,
MEX,Mexico,2008-10-06,2008,41,NOTDEFINED,171.0,0.0,1.0,1.0,
MEX,Mexico,2008-10-13,2008,42,NOTDEFINED,170.0,2.0,2.0,4.0,
MEX,Mexico,2008-10-20,2008,43,NOTDEFINED,244.0,0.0,2.0,2.0,
MEX,Mexico,2008-10-27,2008,44,NOTDEFINED,263.0,0.0,0.0,,
MEX,Mexico,2008-11-03,2008,45,NOTDEFINED,294.0,4.0,0.0,4.0,
MEX,Mexico,2008-11-10,2008,46,NOTDEFINED,372.0,0.0,0.0,,
MEX,Mexico,2008-11-17,2008,47,NOTDEFINED,252.0,1.0,2.0,3.0,
MEX,Mexico,2008-11-24,2008,48,NOTDEFINED,376.0,1.0,2.0,3.0,
MEX,Mexico,2008-12-01,2008,49,NOTDEFINED,421.0,1.0,5.0,6.0,
MEX,Mexico,2008-12-08,2008,50,NOTDEFINED,351.0,1.0,4.0,5.0,
MEX,Mexico,2008-12-15,2008,51,NOTDEFINED,335.0,0.0,0.0,,
MEX,Mexico,2008-12-22,2008,52,NOTDEFINED,79.0,2.0,0.0,2.0,
MEX,Mexico,2008-12-29,2009,1,NOTDEFINED,40.0,0.0,1.0,1.0,
MEX,Mexico,2009-01-05,2009,2,NOTDEFINED,122.0,8.0,2.0,10.0,
MEX,Mexico,2009-01-12,2009,3,NOTDEFINED,194.0,17.0,1.0,18.0,
MEX,Mexico,2009-01-19,2009,4,NOTDEFINED,237.0,17.0,2.0,19.0,
MEX,Mexico,2009-01-26,2009,5,NOTDEFINED,251.0,31.0,8.0,39.0,
MEX,Mexico,2009-02-02,2009,6,NOTDEFINED,318.0,43.0,7.0,50.0,
MEX,Mexico,2009-02-09,2009,7,NOTDEFINED,429.0,77.0,19.0,96.0,
MEX,Mexico,2009-02-16,2009,8,NOTDEFINED,546.0,94.0,18.0,112.0,
MEX,Mexico,2009-02-23,2009,9,NOTDEFINED,437.0,72.0,15.0,87.0,
MEX,Mexico,2009-03-02,2009,10,NOTDEFINED,526.0,112.0,20.0,132.0,
MEX,Mexico,2009-03-09,2009,11,NOTDEFINED,412.0,72.0,24.0,96.0,
MEX,Mexico,2009-03-16,2009,12,NOTDEFINED,256.0,58.0,10.0,68.0,
MEX,Mexico,2009-03-23,2009,13,NOTDEFINED,382.0,66.0,14.0,80.0,
MEX,Mexico,2009-03-30,2009,14,NOTDEFINED,383.0,107.0,5.0,112.0,
MEX,Mexico,2009-04-06,2009,15,NOTDEFINED,290.0,60.0,1.0,61.0,
MEX,Mexico,2009-04-13,2009,16,NOTDEFINED,668.0,225.0,0.0,225.0,
MEX,Mexico,2009-04-20,2009,17,NOTDEFINED,4295.0,1743.0,9.0,1752.0,
MEX,Mexico,2009-04-27,2009,18,NOTDEFINED,7090.0,3136.0,1.0,3137.0,
MEX,Mexico,2009-05-04,2009,19,NOTDEFINED,6867.0,2530.0,4.0,2534.0,
MEX,Mexico,2009-05-11,2009,20,NOTDEFINED,4620.0,1490.0,0.0,1490.0,
MEX,Mexico,2009-05-18,2009,21,NOTDEFINED,2693.0,850.0,2.0,852.0,
MEX,Mexico,2009-05-25,2009,22,NOTDEFINED,1581.0,620.0,3.0,623.0,
MEX,Mexico,2009-06-01,2009,23,NOTDEFINED,2557.0,1185.0,1.0,1186.0,
MEX,Mexico,2009-06-08,2009,24,NOTDEFINED,2853.0,1661.0,0.0,1661.0,
MEX,Mexico,2009-06-15,2009,25,NOTDEFINED,2729.0,1769.0,0.0,1769.0,
MEX,Mexico,2009-06-22,2009,26,NOTDEFINED,3364.0,2537.0,0.0,2537.0,
MEX,Mexico,2009-06-29,2009,27,NOTDEFINED,2926.0,2152.0,0.0,2152.0,
MEX,Mexico,2009-07-06,2009,28,NOTDEFINED,2771.0,1879.0,0.0,1879.0,
MEX,Mexico,2009-07-13,2009,29,NOTDEFINED,2202.0,1436.0,0.0,1436.0,
MEX,Mexico,2009-07-20,2009,30,NOTDEFINED,2282.0,1428.0,0.0,1428.0,
MEX,Mexico,2009-07-27,2009,31,NOTDEFINED,2179.0,1344.0,0.0,1344.0,
MEX,Mexico,2009-08-03,2009,32,NOTDEFINED,1647.0,887.0,5.0,892.0,
MEX,Mexico,2009-08-10,2009,33,NOTDEFINED,2048.0,1070.0,4.0,1074.0,
MEX,Mexico,2009-08-17,2009,34,NOTDEFINED,2260.0,1115.0,0.0,1115.0,
MEX,Mexico,2009-08-24,2009,35,NOTDEFINED,2762.0,1568.0,0.0,1568.0,
MEX,Mexico,2009-08-31,2009,36,NOTDEFINED,4165.0,2842.0,0.0,2842.0,
MEX,Mexico,2009-09-07,2009,37,NOTDEFINED,6570.0,4660.0,1.0,4661.0,
MEX,Mexico,2009-09-14,2009,38,NOTDEFINED,6936.0,4862.0,0.0,4862.0,
MEX,Mexico,2009-09-21,2009,39,NOTDEFINED,9310.0,6535.0,2.0,6537.0,
MEX,Mexico,2009-09-28,2009,40,NOTDEFINED,9465.0,6736.0,2.0,6738.0,
MEX,Mexico,2009-10-05,2009,41,NOTDEFINED,8174.0,5696.0,0.0,5696.0,
MEX,Mexico,2009-10-12,2009,42,NOTDEFINED,7001.0,4696.0,0.0,4696.0,
MEX,Mexico,2009-10-19,2009,43,NOTDEFINED,6213.0,3883.0,0.0,3883.0,
MEX,Mexico,2009-10-26,2009,44,NOTDEFINED,4427.0,2533.0,0.0,2533.0,
MEX,Mexico,2009-11-02,2009,45,NOTDEFINED,4133.0,2152.0,0.0,2152.0,
MEX,Mexico,2009-11-09,2009,46,NOTDEFINED,3501.0,1610.0,0.0,1610.0,
MEX,Mexico,2009-11-16,2009,47,NOTDEFINED,3009.0,1135.0,0.0,1135.0,
MEX,Mexico,2009-11-23,2009,48,NOTDEFINED,2339.0,706.0,0.0,706.0,
MEX,Mexico,2009-11-30,2009,49,NOTDEFINED,2204.0,669.0,0.0,669.0,
MEX,Mexico,2009-12-07,2009,50,NOTDEFINED,1571.0,404.0,0.0,404.0,
MEX,Mexico,2009-12-14,2009,51,NOTDEFINED,1199.0,305.0,0.0,305.0,
MEX,Mexico,2009-12-21,2009,52,NOTDEFINED,1075.0,321.0,0.0,321.0,
MEX,Mexico,2009-12-28,2009,53,NOTDEFINED,1154.0,316.0,0.0,316.0,
MEX,Mexico,2010-01-04,2010,1,NOTDEFINED,1225.0,289.0,0.0,289.0,
MEX,Mexico,2010-01-11,2010,2,NOTDEFINED,1168.0,236.0,0.0,236.0,
MEX,Mexico,2010-01-18,2010,3,NOTDEFINED,1368.0,278.0,0.0,278.0,
MEX,Mexico,2010-01-25,2010,4,NOTDEFINED,970.0,237.0,0.0,237.0,
MEX,Mexico,2010-02-01,2010,5,NOTDEFINED,1139.0,258.0,0.0,258.0,
MEX,Mexico,2010-02-08,2010,6,NOTDEFINED,1211.0,243.0,0.0,243.0,
MEX,Mexico,2010-02-15,2010,7,NOTDEFINED,1274.0,242.0,0.0,242.0,
MEX,Mexico,2010-02-22,2010,8,NOTDEFINED,1184.0,253.0,0.0,253.0,
MEX,Mexico,2010-03-01,2010,9,NOTDEFINED,1363.0,288.0,0.0,288.0,
MEX,Mexico,2010-03-08,2010,10,NOTDEFINED,1017.0,231.0,0.0,231.0,
MEX,Mexico,2010-03-15,2010,11,NOTDEFINED,781.0,151.0,0.0,151.0,
MEX,Mexico,2010-03-22,2010,12,NOTDEFINED,573.0,110.0,1.0,111.0,
MEX,Mexico,2010-03-29,2010,13,NOTDEFINED,443.0,54.0,0.0,54.0,
MEX,Mexico,2010-04-05,2010,14,NOTDEFINED,371.0,37.0,0.0,37.0,
MEX,Mexico,2010-04-12,2010,15,NOTDEFINED,427.0,37.0,1.0,38.0,
MEX,Mexico,2010-04-19,2010,16,NOTDEFINED,316.0,22.0,1.0,23.0,
MEX,Mexico,2010-04-26,2010,17,NOTDEFINED,252.0,16.0,0.0,16.0,
MEX,Mexico,2010-05-03,2010,18,NOTDEFINED,192.0,19.0,0.0,19.0,
MEX,Mexico,2010-05-10,2010,19,NOTDEFINED,164.0,7.0,0.0,7.0,
MEX,Mexico,2010-05-17,2010,20,NOTDEFINED,198.0,13.0,1.0,14.0,
MEX,Mexico,2010-05-24,2010,21,NOTDEFINED,201.0,24.0,0.0,24.0,
MEX,Mexico,2010-05-31,2010,22,NOTDEFINED,201.0,14.0,0.0,14.0,
MEX,Mexico,2010-06-07,2010,23,NOTDEFINED,142.0,7.0,2.0,9.0,
MEX,Mexico,2010-06-14,2010,24,NOTDEFINED,142.0,12.0,0.0,12.0,
MEX,Mexico,2010-06-21,2010,25,NOTDEFINED,138.0,11.0,6.0,17.0,
MEX,Mexico,2010-06-28,2010,26,NOTDEFINED,107.0,8.0,2.0,10.0,
MEX,Mexico,2010-07-05,2010,27,NOTDEFINED,105.0,3.0,1.0,4.0,
MEX,Mexico,2010-07-12,2010,28,NOTDEFINED,87.0,7.0,0.0,7.0,
MEX,Mexico,2010-07-19,2010,29,NOTDEFINED,104.0,10.0,0.0,10.0,
MEX,Mexico,2010-07-26,2010,30,NOTDEFINED,110.0,28.0,1.0,29.0,
MEX,Mexico,2010-08-02,2010,31,NOTDEFINED,201.0,77.0,0.0,77.0,
MEX,Mexico,2010-08-09,2010,32,NOTDEFINED,163.0,69.0,1.0,70.0,
MEX,Mexico,2010-08-16,2010,33,NOTDEFINED,216.0,106.0,2.0,108.0,
MEX,Mexico,2010-08-23,2010,34,NOTDEFINED,418.0,229.0,4.0,233.0,
MEX,Mexico,2010-08-30,2010,35,NOTDEFINED,501.0,298.0,4.0,302.0,
MEX,Mexico,2010-09-06,2010,36,NOTDEFINED,522.0,229.0,9.0,238.0,
MEX,Mexico,2010-09-13,2010,37,NOTDEFINED,263.0,119.0,6.0,125.0,
MEX,Mexico,2010-09-20,2010,38,NOTDEFINED,313.0,153.0,13.0,166.0,
MEX,Mexico,2010-09-27,2010,39,NOTDEFINED,331.0,125.0,6.0,131.0,
MEX,Mexico,2010-10-04,2010,40,NOTDEFINED,403.0,160.0,17.0,177.0,
MEX,Mexico,2010-10-11,2010,41,NOTDEFINED,413.0,169.0,15.0,184.0,
MEX,Mexico,2010-10-18,2010,42,NOTDEFINED,338.0,129.0,13.0,142.0,
MEX,Mexico,2010-10-25,2010,43,NOTDEFINED,298.0,97.0,12.0,109.0,
MEX,Mexico,2010-11-01,2010,44,NOTDEFINED,337.0,110.0,18.0,128.0,
MEX,Mexico,2010-11-08,2010,45,NOTDEFINED,353.0,138.0,10.0,148.0,
MEX,Mexico,2010-11-15,2010,46,NOTDEFINED,527.0,216.0,47.0,263.0,
MEX,Mexico,2010-11-22,2010,47,NOTDEFINED,578.0,251.0,41.0,292.0,
MEX,Mexico,2010-11-29,2010,48,NOTDEFINED,614.0,230.0,38.0,268.0,
MEX,Mexico,2010-12-06,2010,49,NOTDEFINED,642.0,294.0,23.0,317.0,
MEX,Mexico,2010-12-13,2010,50,NOTDEFINED,612.0,244.0,30.0,274.0,
MEX,Mexico,2010-12-20,2010,51,NOTDEFINED,464.0,175.0,23.0,198.0,
MEX,Mexico,2010-12-27,2010,52,NOTDEFINED,335.0,110.0,31.0,141.0,
MEX,Mexico,2011-01-03,2011,1,NOTDEFINED,268.0,66.0,26.0,92.0,
MEX,Mexico,2011-01-10,2011,2,NOTDEFINED,333.0,39.0,40.0,79.0,
MEX,Mexico,2011-01-17,2011,3,NOTDEFINED,349.0,31.0,28.0,59.0,
MEX,Mexico,2011-01-24,2011,4,NOTDEFINED,292.0,24.0,22.0,46.0,
MEX,Mexico,2011-01-31,2011,5,NOTDEFINED,233.0,13.0,12.0,25.0,
MEX,Mexico,2011-02-07,2011,6,NOTDEFINED,231.0,15.0,19.0,34.0,
MEX,Mexico,2011-02-14,2011,7,NOTDEFINED,257.0,14.0,13.0,27.0,
MEX,Mexico,2011-02-21,2011,8,NOTDEFINED,204.0,7.0,10.0,17.0,
MEX,Mexico,2011-02-28,2011,9,NOTDEFINED,287.0,13.0,20.0,33.0,
MEX,Mexico,2011-03-07,2011,10,NOTDEFINED,192.0,7.0,8.0,15.0,
MEX,Mexico,2011-03-14,2011,11,NOTDEFINED,229.0,15.0,5.0,20.0,
MEX,Mexico,2011-03-21,2011,12,NOTDEFINED,372.0,25.0,9.0,34.0,
MEX,Mexico,2011-03-28,2011,13,NOTDEFINED,466.0,55.0,13.0,68.0,
MEX,Mexico,2011-04-04,2011,14,NOTDEFINED,347.0,21.0,2.0,23.0,
MEX,Mexico,2011-04-11,2011,15,NOTDEFINED,283.0,17.0,3.0,20.0,
MEX,Mexico,2011-04-18,2011,16,NOTDEFINED,163.0,4.0,4.0,8.0,
MEX,Mexico,2011-04-25,2011,17,NOTDEFINED,168.0,3.0,1.0,4.0,
MEX,Mexico,2011-05-02,2011,18,NOTDEFINED,108.0,0.0,0.0,,
MEX,Mexico,2011-05-09,2011,19,NOTDEFINED,132.0,0.0,3.0,3.0,
MEX,Mexico,2011-05-16,2011,20,NOTDEFINED,104.0,1.0,1.0,2.0,
MEX,Mexico,2011-05-23,2011,21,NOTDEFINED,152.0,2.0,0.0,2.0,
MEX,Mexico,2011-05-30,2011,22,NOTDEFINED,127.0,1.0,0.0,1.0,
MEX,Mexico,2011-06-06,2011,23,NOTDEFINED,109.0,5.0,0.0,5.0,
MEX,Mexico,2011-06-13,2011,24,NOTDEFINED,111.0,2.0,1.0,3.0,
MEX,Mexico,2011-06-20,2011,25,NOTDEFINED,93.0,0.0,0.0,,
MEX,Mexico,2011-06-27,2011,26,NOTDEFINED,77.0,0.0,0.0,,
MEX,Mexico,2011-07-04,2011,27,NOTDEFINED,104.0,2.0,0.0,2.0,
MEX,Mexico,2011-07-11,2011,28,NOTDEFINED,88.0,0.0,0.0,,
MEX,Mexico,2011-07-18,2011,29,NOTDEFINED,120.0,0.0,0.0,,
MEX,Mexico,2011-07-25,2011,30,NOTDEFINED,81.0,1.0,0.0,1.0,
MEX,Mexico,2011-08-01,2011,31,NOTDEFINED,98.0,1.0,0.0,1.0,
MEX,Mexico,2011-08-08,2011,32,NOTDEFINED,75.0,0.0,0.0,,
MEX,Mexico,2011-08-15,2011,33,NOTDEFINED,111.0,0.0,0.0,,
MEX,Mexico,2011-08-22,2011,34,NOTDEFINED,86.0,1.0,0.0,1.0,
MEX,Mexico,2011-08-29,2011,35,NOTDEFINED,136.0,1.0,0.0,1.0,
MEX,Mexico,2011-09-05,2011,36,NOTDEFINED,122.0,1.0,0.0,1.0,
MEX,Mexico,2011-09-12,2011,37,NOTDEFINED,88.0,0.0,0.0,,
MEX,Mexico,2011-09-19,2011,38,NOTDEFINED,139.0,7.0,0.0,7.0,
MEX,Mexico,2011-09-26,2011,39,NOTDEFINED,110.0,0.0,0.0,,
MEX,Mexico,2011-10-03,2011,40,NOTDEFINED,138.0,1.0,0.0,1.0,
MEX,Mexico,2011-10-10,2011,41,NOTDEFINED,150.0,0.0,0.0,,
MEX,Mexico,2011-10-17,2011,42,NOTDEFINED,248.0,3.0,0.0,3.0,
MEX,Mexico,2011-10-24,2011,43,NOTDEFINED,159.0,2.0,1.0,3.0,
MEX,Mexico,2011-10-31,2011,44,NOTDEFINED,174.0,2.0,2.0,4.0,
MEX,Mexico,2011-11-07,2011,45,NOTDEFINED,215.0,3.0,2.0,5.0,
MEX,Mexico,2011-11-14,2011,46,NOTDEFINED,208.0,5.0,2.0,7.0,
MEX,Mexico,2011-11-21,2011,47,NOTDEFINED,191.0,5.0,0.0,5.0,
MEX,Mexico,2011-11-28,2011,48,NOTDEFINED,188.0,7.0,0.0,7.0,
MEX,Mexico,2011-12-05,2011,49,NOTDEFINED,234.0,25.0,2.0,27.0,
MEX,Mexico,2011-12-12,2011,50,NOTDEFINED,246.0,66.0,5.0,71.0,
MEX,Mexico,2011-12-19,2011,51,NOTDEFINED,232.0,74.0,2.0,76.0,
MEX,Mexico,2011-12-26,2011,52,NOTDEFINED,441.0,159.0,18.0,177.0,
MEX,Mexico,2012-01-02,2012,1,NOTDEFINED,694.0,267.0,3.0,270.0,
MEX,Mexico,2012-01-09,2012,2,NOTDEFINED,1097.0,532.0,4.0,536.0,
MEX,Mexico,2012-01-16,2012,3,NOTDEFINED,1679.0,697.0,8.0,705.0,
MEX,Mexico,2012-01-23,2012,4,NOTDEFINED,2236.0,892.0,7.0,899.0,
MEX,Mexico,2012-01-30,2012,5,NOTDEFINED,1980.0,786.0,19.0,805.0,
MEX,Mexico,2012-02-06,2012,6,NOTDEFINED,1957.0,680.0,7.0,687.0,
MEX,Mexico,2012-02-13,2012,7,NOTDEFINED,1301.0,363.0,8.0,371.0,
MEX,Mexico,2012-02-20,2012,8,NOTDEFINED,1082.0,259.0,5.0,264.0,
MEX,Mexico,2012-02-27,2012,9,NOTDEFINED,822.0,141.0,9.0,150.0,
MEX,Mexico,2012-03-05,2012,10,NOTDEFINED,643.0,78.0,3.0,81.0,
MEX,Mexico,2012-03-12,2012,11,NOTDEFINED,431.0,36.0,0.0,36.0,
MEX,Mexico,2012-03-19,2012,12,NOTDEFINED,383.0,23.0,3.0,26.0,
MEX,Mexico,2012-03-26,2012,13,NOTDEFINED,282.0,12.0,1.0,13.0,
MEX,Mexico,2012-04-02,2012,14,NOTDEFINED,224.0,4.0,2.0,6.0,
MEX,Mexico,2012-04-09,2012,15,NOTDEFINED,240.0,4.0,1.0,5.0,
MEX,Mexico,2012-04-16,2012,16,NOTDEFINED,164.0,0.0,2.0,2.0,
MEX,Mexico,2012-04-23,2012,17,NOTDEFINED,179.0,0.0,5.0,5.0,
MEX,Mexico,2012-04-30,2012,18,NOTDEFINED,232.0,1.0,12.0,13.0,
MEX,Mexico,2012-05-07,2012,19,NOTDEFINED,181.0,0.0,8.0,8.0,
MEX,Mexico,2012-05-14,2012,20,NOTDEFINED,181.0,1.0,2.0,3.0,
MEX,Mexico,2012-05-21,2012,21,NOTDEFINED,155.0,1.0,3.0,4.0,
MEX,Mexico,2012-05-28,2012,22,NOTDEFINED,173.0,1.0,1.0,2.0,
MEX,Mexico,2012-06-04,2012,23,NOTDEFINED,185.0,1.0,6.0,7.0,
MEX,Mexico,2012-06-11,2012,24,NOTDEFINED,147.0,0.0,5.0,5.0,
MEX,Mexico,2012-06-18,2012,25,NOTDEFINED,145.0,0.0,2.0,2.0,
MEX,Mexico,2012-06-25,2012,26,NOTDEFINED,173.0,0.0,2.0,2.0,
MEX,Mexico,2012-07-02,2012,27,NOTDEFINED,132.0,3.0,1.0,4.0,
MEX,Mexico,2012-07-09,2012,28,NOTDEFINED,129.0,0.0,3.0,3.0,
MEX,Mexico,2012-07-16,2012,29,NOTDEFINED,102.0,1.0,1.0,2.0,
MEX,Mexico,2012-07-23,2012,30,NOTDEFINED,111.0,2.0,0.0,2.0,
MEX,Mexico,2012-07-30,2012,31,NOTDEFINED,109.0,2.0,3.0,5.0,
MEX,Mexico,2012-08-06,2012,32,NOTDEFINED,94.0,5.0,0.0,5.0,
MEX,Mexico,2012-08-13,2012,33,NOTDEFINED,99.0,4.0,0.0,4.0,
MEX,Mexico,2012-08-20,2012,34,NOTDEFINED,134.0,1.0,2.0,3.0,
MEX,Mexico,2012-08-27,2012,35,NOTDEFINED,166.0,2.0,5.0,7.0,
MEX,Mexico,2012-09-03,2012,36,NOTDEFINED,136.0,4.0,4.0,8.0,
MEX,Mexico,2012-09-10,2012,37,NOTDEFINED,181.0,1.0,9.0,10.0,
MEX,Mexico,2012-09-17,2012,38,NOTDEFINED,182.0,4.0,13.0,17.0,
MEX,Mexico,2012-09-24,2012,39,NOTDEFINED,186.0,4.0,12.0,16.0,
MEX,Mexico,2012-10-01,2012,40,NOTDEFINED,221.0,14.0,17.0,31.0,
MEX,Mexico,2012-10-08,2012,41,NOTDEFINED,223.0,6.0,26.0,32.0,
MEX,Mexico,2012-10-15,2012,42,NOTDEFINED,268.0,10.0,31.0,41.0,
MEX,Mexico,2012-10-22,2012,43,NOTDEFINED,330.0,24.0,49.0,73.0,
MEX,Mexico,2012-10-29,2012,44,NOTDEFINED,311.0,19.0,52.0,71.0,
MEX,Mexico,2012-11-05,2012,45,NOTDEFINED,347.0,19.0,76.0,95.0,
MEX,Mexico,2012-11-12,2012,46,NOTDEFINED,222.0,14.0,51.0,65.0,
MEX,Mexico,2012-11-19,2012,47,NOTDEFINED,178.0,25.0,30.0,55.0,
MEX,Mexico,2012-11-26,2012,48,NOTDEFINED,260.0,19.0,54.0,73.0,
MEX,Mexico,2012-12-03,2012,49,NOTDEFINED,403.0,34.0,90.0,124.0,
MEX,Mexico,2012-12-10,2012,50,NOTDEFINED,281.0,42.0,71.0,113.0,
MEX,Mexico,2012-12-17,2012,51,NOTDEFINED,188.0,25.0,39.0,64.0,
MEX,Mexico,2012-12-24,2012,52,NOTDEFINED,252.0,26.0,52.0,78.0,
MEX,Mexico,2012-12-31,2013,1,NOTDEFINED,359.0,35.0,44.0,79.0,
MEX,Mexico,2013-01-07,2013,2,NOTDEFINED,482.0,81.0,42.0,123.0,
MEX,Mexico,2013-01-14,2013,3,NOTDEFINED,637.0,129.0,42.0,171.0,
MEX,Mexico,2013-01-21,2013,4,NOTDEFINED,659.0,177.0,47.0,224.0,
MEX,Mexico,2013-01-28,2013,5,NOTDEFINED,592.0,146.0,34.0,180.0,
MEX,Mexico,2013-02-04,2013,6,NOTDEFINED,600.0,117.0,23.0,140.0,
MEX,Mexico,2013-02-11,2013,7,NOTDEFINED,583.0,105.0,20.0,125.0,
MEX,Mexico,2013-02-18,2013,8,NOTDEFINED,469.0,93.0,18.0,111.0,
MEX,Mexico,2013-02-25,2013,9,NOTDEFINED,486.0,104.0,15.0,119.0,
MEX,Mexico,2013-03-04,2013,10,NOTDEFINED,468.0,123.0,27.0,150.0,
MEX,Mexico,2013-03-11,2013,11,NOTDEFINED,365.0,75.0,25.0,100.0,
MEX,Mexico,2013-03-18,2013,12,NOTDEFINED,271.0,42.0,6.0,48.0,
MEX,Mexico,2013-03-25,2013,13,NOTDEFINED,194.0,19.0,2.0,21.0,
MEX,Mexico,2013-04-01,2013,14,NOTDEFINED,202.0,20.0,3.0,23.0,
MEX,Mexico,2013-04-08,2013,15,NOTDEFINED,241.0,17.0,4.0,21.0,
MEX,Mexico,2013-04-15,2013,16,NOTDEFINED,211.0,11.0,4.0,15.0,
MEX,Mexico,2013-04-22,2013,17,NOTDEFINED,184.0,16.0,2.0,18.0,
MEX,Mexico,2013-04-29,2013,18,NOTDEFINED,191.0,13.0,3.0,16.0,
MEX,Mexico,2013-05-06,2013,19,NOTDEFINED,190.0,9.0,2.0,11.0,
MEX,Mexico,2013-05-13,2013,20,NOTDEFINED,166.0,7.0,0.0,7.0,
MEX,Mexico,2013-05-20,2013,21,NOTDEFINED,175.0,8.0,1.0,9.0,
MEX,Mexico,2013-05-27,2013,22,NOTDEFINED,151.0,4.0,1.0,5.0,
MEX,Mexico,2013-06-03,2013,23,NOTDEFINED,189.0,13.0,0.0,13.0,
MEX,Mexico,2013-06-10,2013,24,NOTDEFINED,158.0,11.0,1.0,12.0,
MEX,Mexico,2013-06-17,2013,25,NOTDEFINED,170.0,24.0,0.0,24.0,
MEX,Mexico,2013-06-24,2013,26,NOTDEFINED,163.0,15.0,3.0,18.0,
MEX,Mexico,2013-07-01,2013,27,NOTDEFINED,215.0,41.0,1.0,42.0,
MEX,Mexico,2013-07-08,2013,28,NOTDEFINED,184.0,29.0,1.0,30.0,
MEX,Mexico,2013-07-15,2013,29,NOTDEFINED,215.0,27.0,2.0,29.0,
MEX,Mexico,2013-07-22,2013,30,NOTDEFINED,193.0,24.0,0.0,24.0,
MEX,Mexico,2013-07-29,2013,31,NOTDEFINED,188.0,13.0,5.0,18.0,
MEX,Mexico,2013-08-05,2013,32,NOTDEFINED,217.0,24.0,1.0,25.0,
MEX,Mexico,2013-08-12,2013,33,NOTDEFINED,204.0,36.0,3.0,39.0,
MEX,Mexico,2013-08-19,2013,34,NOTDEFINED,196.0,22.0,2.0,24.0,
MEX,Mexico,2013-08-26,2013,35,NOTDEFINED,224.0,23.0,1.0,24.0,
MEX,Mexico,2013-09-02,2013,36,NOTDEFINED,290.0,22.0,2.0,24.0,
MEX,Mexico,2013-09-09,2013,37,NOTDEFINED,271.0,24.0,1.0,25.0,
MEX,Mexico,2013-09-16,2013,38,NOTDEFINED,354.0,42.0,3.0,45.0,
MEX,Mexico,2013-09-23,2013,39,NOTDEFINED,367.0,52.0,3.0,55.0,
MEX,Mexico,2013-09-30,2013,40,NOTDEFINED,363.0,55.0,5.0,60.0,
MEX,Mexico,2013-10-07,2013,41,NOTDEFINED,330.0,34.0,6.0,40.0,
MEX,Mexico,2013-10-14,2013,42,NOTDEFINED,354.0,25.0,3.0,28.0,
MEX,Mexico,2013-10-21,2013,43,NOTDEFINED,344.0,20.0,11.0,31.0,
MEX,Mexico,2013-10-28,2013,44,NOTDEFINED,346.0,30.0,2.0,32.0,
MEX,Mexico,2013-11-04,2013,45,NOTDEFINED,387.0,39.0,14.0,53.0,
MEX,Mexico,2013-11-11,2013,46,NOTDEFINED,304.0,30.0,5.0,35.0,
MEX,Mexico,2013-11-18,2013,47,NOTDEFINED,446.0,75.0,15.0,90.0,
MEX,Mexico,2013-11-25,2013,48,NOTDEFINED,446.0,72.0,12.0,84.0,
MEX,Mexico,2013-12-02,2013,49,NOTDEFINED,492.0,114.0,3.0,117.0,
MEX,Mexico,2013-12-09,2013,50,NOTDEFINED,577.0,171.0,9.0,180.0,
MEX,Mexico,2013-12-16,2013,51,NOTDEFINED,671.0,283.0,3.0,286.0,
MEX,Mexico,2013-12-23,2013,52,NOTDEFINED,731.0,325.0,2.0,327.0,
MEX,Mexico,2013-12-30,2014,1,NOTDEFINED,979.0,458.0,4.0,462.0,
MEX,Mexico,2014-01-06,2014,2,NOTDEFINED,2645.0,1213.0,12.0,1225.0,
MEX,Mexico,2014-01-13,2014,3,NOTDEFINED,2054.0,857.0,14.0,871.0,
MEX,Mexico,2014-01-20,2014,4,NOTDEFINED,2029.0,797.0,31.0,828.0,
MEX,Mexico,2014-01-27,2014,5,NOTDEFINED,1882.0,650.0,15.0,665.0,
MEX,Mexico,2014-02-03,2014,6,NOTDEFINED,1875.0,513.0,29.0,542.0,
MEX,Mexico,2014-02-10,2014,7,NOTDEFINED,1484.0,366.0,37.0,403.0,
MEX,Mexico,2014-02-17,2014,8,NOTDEFINED,1035.0,224.0,29.0,253.0,
MEX,Mexico,2014-02-24,2014,9,NOTDEFINED,869.0,170.0,18.0,188.0,
MEX,Mexico,2014-03-03,2014,10,NOTDEFINED,704.0,109.0,20.0,129.0,
MEX,Mexico,2014-03-10,2014,11,NOTDEFINED,561.0,84.0,24.0,108.0,
MEX,Mexico,2014-03-17,2014,12,NOTDEFINED,433.0,59.0,28.0,87.0,
MEX,Mexico,2014-03-24,2014,13,NOTDEFINED,405.0,28.0,20.0,48.0,
MEX,Mexico,2014-03-31,2014,14,NOTDEFINED,350.0,26.0,21.0,47.0,
MEX,Mexico,2014-04-07,2014,15,NOTDEFINED,240.0,14.0,18.0,32.0,
MEX,Mexico,2014-04-14,2014,16,NOTDEFINED,248.0,13.0,12.0,25.0,
MEX,Mexico,2014-04-21,2014,17,NOTDEFINED,206.0,5.0,10.0,15.0,
MEX,Mexico,2014-04-28,2014,18,NOTDEFINED,209.0,6.0,12.0,18.0,
MEX,Mexico,2014-05-05,2014,19,NOTDEFINED,179.0,3.0,5.0,8.0,
MEX,Mexico,2014-05-12,2014,20,NOTDEFINED,231.0,6.0,19.0,25.0,
MEX,Mexico,2014-05-19,2014,21,NOTDEFINED,249.0,3.0,17.0,20.0,
MEX,Mexico,2014-05-26,2014,22,NOTDEFINED,182.0,2.0,12.0,14.0,
MEX,Mexico,2014-06-02,2014,23,NOTDEFINED,205.0,1.0,17.0,18.0,
MEX,Mexico,2014-06-09,2014,24,NOTDEFINED,195.0,3.0,11.0,14.0,
MEX,Mexico,2014-06-16,2014,25,NOTDEFINED,190.0,2.0,12.0,14.0,
MEX,Mexico,2014-06-23,2014,26,NOTDEFINED,195.0,1.0,18.0,19.0,
MEX,Mexico,2014-06-30,2014,27,NOTDEFINED,195.0,4.0,18.0,22.0,
MEX,Mexico,2014-07-07,2014,28,NOTDEFINED,210.0,4.0,18.0,22.0,
MEX,Mexico,2014-07-14,2014,29,NOTDEFINED,199.0,4.0,20.0,24.0,
MEX,Mexico,2014-07-21,2014,30,NOTDEFINED,171.0,1.0,10.0,11.0,
MEX,Mexico,2014-07-28,2014,31,NOTDEFINED,161.0,12.0,10.0,22.0,
MEX,Mexico,2014-08-04,2014,32,NOTDEFINED,200.0,10.0,12.0,22.0,
MEX,Mexico,2014-08-11,2014,33,NOTDEFINED,220.0,9.0,6.0,15.0,
MEX,Mexico,2014-08-18,2014,34,NOTDEFINED,256.0,15.0,27.0,42.0,
MEX,Mexico,2014-08-25,2014,35,NOTDEFINED,245.0,11.0,12.0,23.0,
MEX,Mexico,2014-09-01,2014,36,NOTDEFINED,293.0,19.0,27.0,46.0,
MEX,Mexico,2014-09-08,2014,37,NOTDEFINED,224.0,12.0,19.0,31.0,
MEX,Mexico,2014-09-15,2014,38,NOTDEFINED,308.0,19.0,30.0,49.0,
MEX,Mexico,2014-09-22,2014,39,NOTDEFINED,395.0,32.0,34.0,66.0,
MEX,Mexico,2014-09-29,2014,40,NOTDEFINED,374.0,32.0,33.0,65.0,
MEX,Mexico,2014-10-06,2014,41,NOTDEFINED,377.0,41.0,25.0,66.0,
MEX,Mexico,2014-10-13,2014,42,NOTDEFINED,392.0,35.0,25.0,60.0,
MEX,Mexico,2014-10-20,2014,43,NOTDEFINED,405.0,27.0,28.0,55.0,
MEX,Mexico,2014-10-27,2014,44,NOTDEFINED,482.0,40.0,26.0,66.0,
MEX,Mexico,2014-11-03,2014,45,NOTDEFINED,703.0,40.0,47.0,87.0,
MEX,Mexico,2014-11-10,2014,46,NOTDEFINED,505.0,31.0,24.0,55.0,
MEX,Mexico,2014-11-17,2014,47,NOTDEFINED,444.0,53.0,27.0,80.0,
MEX,Mexico,2014-11-24,2014,48,NOTDEFINED,543.0,69.0,36.0,105.0,
MEX,Mexico,2014-12-01,2014,49,NOTDEFINED,531.0,121.0,44.0,165.0,
MEX,Mexico,2014-12-08,2014,50,NOTDEFINED,246.0,59.0,24.0,83.0,
MEX,Mexico,2014-12-15,2014,51,NOTDEFINED,344.0,117.0,14.0,131.0,
MEX,Mexico,2014-12-22,2014,52,NOTDEFINED,82.0,35.0,7.0,42.0,
MEX,Mexico,2015-01-05,2015,2,NOTDEFINED,607.0,145.0,47.0,192.0,407.0
MEX,Mexico,2015-01-12,2015,3,NOTDEFINED,649.0,122.0,46.0,168.0,476.0
MEX,Mexico,2015-01-19,2015,4,NOTDEFINED,621.0,143.0,40.0,183.0,437.0
MEX,Mexico,2015-01-26,2015,5,NOTDEFINED,595.0,143.0,36.0,179.0,412.0
MEX,Mexico,2015-02-02,2015,6,NOTDEFINED,550.0,92.0,20.0,112.0,438.0
MEX,Mexico,2015-02-09,2015,7,NOTDEFINED,603.0,91.0,32.0,123.0,479.0
MEX,Mexico,2015-02-16,2015,8,NOTDEFINED,546.0,72.0,25.0,97.0,448.0
MEX,Mexico,2015-02-23,2015,9,NOTDEFINED,578.0,53.0,34.0,87.0,491.0
MEX,Mexico,2015-03-02,2015,10,NOTDEFINED,406.0,36.0,27.0,63.0,342.0
MEX,Mexico,2015-03-09,2015,11,NOTDEFINED,305.0,21.0,19.0,40.0,262.0
MEX,Mexico,2015-03-16,2015,12,NOTDEFINED,280.0,25.0,14.0,39.0,239.0
MEX,Mexico,2015-03-23,2015,13,NOTDEFINED,329.0,21.0,13.0,34.0,294.0
MEX,Mexico,2015-03-30,2015,14,NOTDEFINED,239.0,15.0,10.0,25.0,214.0
MEX,Mexico,2015-04-06,2015,15,NOTDEFINED,260.0,10.0,10.0,20.0,239.0
MEX,Mexico,2015-04-13,2015,16,NOTDEFINED,243.0,7.0,9.0,16.0,225.0
MEX,Mexico,2015-04-20,2015,17,NOTDEFINED,325.0,12.0,12.0,24.0,299.0
MEX,Mexico,2015-04-27,2015,18,NOTDEFINED,311.0,18.0,8.0,26.0,282.0
MEX,Mexico,2015-05-04,2015,19,NOTDEFINED,186.0,11.0,2.0,13.0,171.0
MEX,Mexico,2015-05-11,2015,20,NOTDEFINED,220.0,10.0,3.0,13.0,206.0
MEX,Mexico,2015-05-18,2015,21,NOTDEFINED,157.0,7.0,3.0,10.0,147.0
MEX,Mexico,2015-05-25,2015,22,NOTDEFINED,69.0,1.0,0.0,1.0,67.0
MEX,Mexico,2015-06-01,2015,23,NOTDEFINED,181.0,5.0,1.0,6.0,175.0
MEX,Mexico,2015-06-08,2015,24,NOTDEFINED,177.0,8.0,1.0,9.0,167.0
MEX,Mexico,2015-06-15,2015,25,NOTDEFINED,158.0,4.0,0.0,4.0,153.0
MEX,Mexico,2015-06-22,2015,26,NOTDEFINED,154.0,9.0,0.0,9.0,145.0
MEX,Mexico,2015-06-29,2015,27,NOTDEFINED,167.0,10.0,0.0,10.0,157.0
MEX,Mexico,2015-07-06,2015,28,NOTDEFINED,180.0,8.0,1.0,9.0,171.0
MEX,Mexico,2015-07-13,2015,29,NOTDEFINED,220.0,5.0,0.0,5.0,215.0
MEX,Mexico,2015-07-20,2015,30,NOTDEFINED,183.0,13.0,1.0,14.0,169.0
MEX,Mexico,2015-07-27,2015,31,NOTDEFINED,185.0,10.0,0.0,10.0,172.0
MEX,Mexico,2015-08-03,2015,32,NOTDEFINED,137.0,3.0,0.0,3.0,134.0
MEX,Mexico,2015-08-10,2015,33,NOTDEFINED,153.0,12.0,0.0,12.0,141.0
MEX,Mexico,2015-08-17,2015,34,NOTDEFINED,187.0,9.0,0.0,9.0,178.0
MEX,Mexico,2015-08-24,2015,35,NOTDEFINED,152.0,6.0,0.0,6.0,146.0
MEX,Mexico,2015-08-31,2015,36,NOTDEFINED,171.0,8.0,0.0,8.0,160.0
MEX,Mexico,2015-09-07,2015,37,NOTDEFINED,172.0,5.0,0.0,5.0,164.0
MEX,Mexico,2015-09-14,2015,38,NOTDEFINED,199.0,4.0,0.0,4.0,195.0
MEX,Mexico,2015-09-21,2015,39,NOTDEFINED,247.0,15.0,2.0,17.0,229.0
MEX,Mexico,2015-09-28,2015,40,NOTDEFINED,213.0,5.0,0.0,5.0,208.0
MEX,Mexico,2015-10-05,2015,41,NOTDEFINED,311.0,13.0,0.0,13.0,296.0
MEX,Mexico,2015-10-12,2015,42,NOTDEFINED,292.0,7.0,0.0,7.0,283.0
MEX,Mexico,2015-10-19,2015,43,NOTDEFINED,325.0,13.0,0.0,13.0,310.0
MEX,Mexico,2015-10-26,2015,44,NOTDEFINED,343.0,10.0,0.0,10.0,328.0
MEX,Mexico,2015-11-02,2015,45,NOTDEFINED,340.0,16.0,0.0,16.0,314.0
MEX,Mexico,2015-11-09,2015,46,NOTDEFINED,335.0,10.0,0.0,10.0,322.0
MEX,Mexico,2015-11-16,2015,47,NOTDEFINED,370.0,16.0,0.0,16.0,354.0
MEX,Mexico,2015-11-23,2015,48,NOTDEFINED,422.0,14.0,1.0,15.0,403.0
MEX,Mexico,2015-11-30,2015,49,NOTDEFINED,402.0,16.0,1.0,17.0,382.0
MEX,Mexico,2015-12-07,2015,50,NOTDEFINED,435.0,33.0,3.0,36.0,396.0
MEX,Mexico,2015-12-14,2015,51,NOTDEFINED,391.0,29.0,3.0,32.0,359.0
MEX,Mexico,2015-12-21,2015,52,NOTDEFINED,224.0,28.0,2.0,30.0,194.0
MEX,Mexico,2015-12-28,2015,53,NOTDEFINED,59.0,9.0,0.0,9.0,50.0
MEX,Mexico,2016-01-04,2016,1,NOTDEFINED,469.0,95.0,7.0,102.0,365.0
MEX,Mexico,2016-01-11,2016,2,NOTDEFINED,550.0,119.0,17.0,136.0,408.0
MEX,Mexico,2016-01-18,2016,3,NOTDEFINED,687.0,185.0,28.0,213.0,473.0
MEX,Mexico,2016-01-25,2016,4,NOTDEFINED,842.0,291.0,33.0,324.0,518.0
MEX,Mexico,2016-02-01,2016,5,NOTDEFINED,882.0,335.0,52.0,387.0,494.0
MEX,Mexico,2016-02-08,2016,6,NOTDEFINED,1243.0,510.0,73.0,583.0,658.0
MEX,Mexico,2016-02-15,2016,7,NOTDEFINED,1683.0,827.0,129.0,956.0,727.0
MEX,Mexico,2016-02-22,2016,8,NOTDEFINED,3098.0,1522.0,351.0,1873.0,1225.0
MEX,Mexico,2016-02-29,2016,9,NOTDEFINED,2548.0,1093.0,373.0,1466.0,1080.0
MEX,Mexico,2016-03-07,2016,10,NOTDEFINED,1924.0,805.0,226.0,1031.0,893.0
MEX,Mexico,2016-03-14,2016,11,NOTDEFINED,1511.0,530.0,213.0,743.0,767.0
MEX,Mexico,2016-03-21,2016,12,NOTDEFINED,745.0,221.0,100.0,321.0,424.0
MEX,Mexico,2016-03-28,2016,13,NOTDEFINED,811.0,202.0,100.0,302.0,509.0
MEX,Mexico,2016-04-04,2016,14,NOTDEFINED,527.0,113.0,67.0,180.0,347.0
MEX,Mexico,2016-04-11,2016,15,NOTDEFINED,358.0,57.0,51.0,108.0,250.0
MEX,Mexico,2016-04-18,2016,16,NOTDEFINED,361.0,51.0,53.0,104.0,257.0
MEX,Mexico,2016-04-25,2016,17,NOTDEFINED,286.0,18.0,29.0,47.0,239.0
MEX,Mexico,2016-05-02,2016,18,NOTDEFINED,209.0,18.0,12.0,30.0,179.0
MEX,Mexico,2016-05-09,2016,19,NOTDEFINED,204.0,5.0,11.0,16.0,188.0
MEX,Mexico,2016-05-16,2016,20,NOTDEFINED,187.0,11.0,15.0,26.0,161.0
MEX,Mexico,2016-05-23,2016,21,NOTDEFINED,163.0,9.0,6.0,15.0,147.0
MEX,Mexico,2016-05-30,2016,22,NOTDEFINED,158.0,4.0,6.0,10.0,147.0
MEX,Mexico,2016-06-06,2016,23,NOTDEFINED,147.0,1.0,3.0,4.0,143.0
MEX,Mexico,2016-06-13,2016,24,NOTDEFINED,174.0,3.0,10.0,13.0,161.0
MEX,Mexico,2016-06-20,2016,25,NOTDEFINED,108.0,1.0,5.0,6.0,102.0
MEX,Mexico,2016-06-27,2016,26,NOTDEFINED,208.0,2.0,2.0,4.0,204.0
MEX,Mexico,2016-07-04,2016,27,NOTDEFINED,233.0,2.0,4.0,6.0,227.0
MEX,Mexico,2016-07-11,2016,28,NOTDEFINED,177.0,1.0,3.0,4.0,173.0
MEX,Mexico,2016-07-18,2016,29,NOTDEFINED,117.0,4.0,6.0,10.0,105.0
MEX,Mexico,2016-07-25,2016,30,NOTDEFINED,106.0,5.0,4.0,9.0,97.0
MEX,Mexico,2016-08-01,2016,31,NOTDEFINED,87.0,4.0,2.0,6.0,81.0
MEX,Mexico,2016-08-08,2016,32,NOTDEFINED,109.0,9.0,3.0,12.0,97.0
MEX,Mexico,2016-08-15,2016,33,NOTDEFINED,123.0,1.0,6.0,7.0,116.0
MEX,Mexico,2016-08-22,2016,34,NOTDEFINED,95.0,2.0,3.0,5.0,90.0
MEX,Mexico,2016-08-29,2016,35,NOTDEFINED,110.0,2.0,0.0,2.0,108.0
MEX,Mexico,2016-09-05,2016,36,NOTDEFINED,119.0,3.0,2.0,5.0,114.0
MEX,Mexico,2016-09-12,2016,37,NOTDEFINED,155.0,5.0,1.0,6.0,149.0
MEX,Mexico,2016-09-19,2016,38,NOTDEFINED,177.0,9.0,3.0,12.0,164.0
MEX,Mexico,2016-09-26,2016,39,NOTDEFINED,185.0,12.0,2.0,14.0,171.0
MEX,Mexico,2016-10-03,2016,40,NOTDEFINED,137.0,2.0,5.0,7.0,130.0
MEX,Mexico,2016-10-10,2016,41,NOTDEFINED,188.0,1.0,2.0,3.0,185.0
MEX,Mexico,2016-10-17,2016,42,NOTDEFINED,181.0,2.0,3.0,5.0,176.0
MEX,Mexico,2016-10-24,2016,43,NOTDEFINED,189.0,4.0,4.0,8.0,181.0
MEX,Mexico,2016-10-31,2016,44,NOTDEFINED,364.0,6.0,6.0,12.0,351.0
MEX,Mexico,2016-11-07,2016,45,NOTDEFINED,343.0,4.0,8.0,12.0,331.0
MEX,Mexico,2016-11-14,2016,46,NOTDEFINED,334.0,13.0,5.0,18.0,312.0
MEX,Mexico,2016-11-21,2016,47,NOTDEFINED,388.0,7.0,4.0,11.0,373.0
MEX,Mexico,2016-11-28,2016,48,NOTDEFINED,422.0,5.0,13.0,18.0,399.0
MEX,Mexico,2016-12-05,2016,49,NOTDEFINED,497.0,13.0,10.0,23.0,470.0
MEX,Mexico,2016-12-12,2016,50,NOTDEFINED,571.0,11.0,11.0,22.0,548.0
MEX,Mexico,2016-12-19,2016,51,NOTDEFINED,571.0,40.0,11.0,51.0,515.0
MEX,Mexico,2016-12-26,2016,52,NOTDEFINED,573.0,97.0,14.0,111.0,461.0
MEX,Mexico,2017-01-02,2017,1,NOTDEFINED,560.0,110.0,28.0,138.0,411.0
MEX,Mexico,2017-01-09,2017,2,NOTDEFINED,458.0,94.0,29.0,123.0,326.0
MEX,Mexico,2017-01-16,2017,3,NOTDEFINED,547.0,133.0,26.0,159.0,380.0
MEX,Mexico,2017-01-23,2017,4,NOTDEFINED,711.0,192.0,39.0,231.0,478.0
MEX,Mexico,2017-01-30,2017,5,NOTDEFINED,862.0,259.0,40.0,299.0,556.0
MEX,Mexico,2017-02-06,2017,6,NOTDEFINED,843.0,268.0,47.0,315.0,517.0
MEX,Mexico,2017-02-13,2017,7,NOTDEFINED,889.0,310.0,75.0,385.0,501.0
MEX,Mexico,2017-02-20,2017,8,NOTDEFINED,1020.0,405.0,90.0,495.0,515.0
MEX,Mexico,2017-02-27,2017,9,NOTDEFINED,1377.0,553.0,122.0,675.0,699.0
MEX,Mexico,2017-03-06,2017,10,NOTDEFINED,1347.0,484.0,133.0,617.0,728.0
MEX,Mexico,2017-03-13,2017,11,NOTDEFINED,1124.0,348.0,145.0,493.0,627.0
MEX,Mexico,2017-03-20,2017,12,NOTDEFINED,853.0,228.0,91.0,319.0,533.0
MEX,Mexico,2017-03-27,2017,13,NOTDEFINED,801.0,200.0,101.0,301.0,496.0
MEX,Mexico,2017-04-03,2017,14,NOTDEFINED,533.0,108.0,64.0,172.0,360.0
MEX,Mexico,2017-04-10,2017,15,NOTDEFINED,379.0,75.0,49.0,124.0,254.0
MEX,Mexico,2017-04-17,2017,16,NOTDEFINED,395.0,66.0,37.0,103.0,292.0
MEX,Mexico,2017-04-24,2017,17,NOTDEFINED,405.0,47.0,42.0,89.0,314.0
MEX,Mexico,2017-05-01,2017,18,NOTDEFINED,276.0,32.0,29.0,61.0,212.0
MEX,Mexico,2017-05-08,2017,19,NOTDEFINED,287.0,22.0,15.0,37.0,248.0
MEX,Mexico,2017-05-15,2017,20,NOTDEFINED,283.0,35.0,7.0,42.0,239.0
MEX,Mexico,2017-05-22,2017,21,NOTDEFINED,237.0,15.0,7.0,22.0,210.0
MEX,Mexico,2017-05-29,2017,22,NOTDEFINED,172.0,10.0,11.0,21.0,150.0
MEX,Mexico,2017-06-05,2017,23,NOTDEFINED,167.0,15.0,9.0,24.0,139.0
MEX,Mexico,2017-06-12,2017,24,NOTDEFINED,186.0,17.0,6.0,23.0,162.0
MEX,Mexico,2017-06-19,2017,25,NOTDEFINED,183.0,24.0,2.0,26.0,150.0
MEX,Mexico,2017-06-26,2017,26,NOTDEFINED,170.0,31.0,3.0,34.0,134.0
MEX,Mexico,2017-07-03,2017,27,NOTDEFINED,199.0,33.0,1.0,34.0,162.0
MEX,Mexico,2017-07-10,2017,28,NOTDEFINED,143.0,15.0,3.0,18.0,124.0
MEX,Mexico,2017-07-17,2017,29,NOTDEFINED,174.0,24.0,2.0,26.0,144.0
MEX,Mexico,2017-07-24,2017,30,NOTDEFINED,157.0,13.0,0.0,13.0,140.0
MEX,Mexico,2017-07-31,2017,31,NOTDEFINED,163.0,14.0,2.0,16.0,146.0
MEX,Mexico,2017-08-07,2017,32,NOTDEFINED,260.0,26.0,8.0,34.0,221.0
MEX,Mexico,2017-08-14,2017,33,NOTDEFINED,183.0,16.0,1.0,17.0,164.0
MEX,Mexico,2017-08-21,2017,34,NOTDEFINED,225.0,7.0,0.0,7.0,217.0
MEX,Mexico,2017-08-28,2017,35,NOTDEFINED,240.0,13.0,2.0,15.0,222.0
MEX,Mexico,2017-09-04,2017,36,NOTDEFINED,297.0,10.0,2.0,12.0,281.0
MEX,Mexico,2017-09-11,2017,37,NOTDEFINED,329.0,7.0,3.0,10.0,319.0
MEX,Mexico,2017-09-18,2017,38,NOTDEFINED,302.0,9.0,2.0,11.0,289.0
MEX,Mexico,2017-09-25,2017,39,NOTDEFINED,365.0,10.0,2.0,12.0,347.0
MEX,Mexico,2017-10-02,2017,40,NOTDEFINED,382.0,9.0,3.0,12.0,363.0
MEX,Mexico,2017-10-09,2017,41,NOTDEFINED,447.0,17.0,1.0,18.0,423.0
MEX,Mexico,2017-10-16,2017,42,NOTDEFINED,420.0,12.0,3.0,15.0,396.0
MEX,Mexico,2017-10-23,2017,43,NOTDEFINED,644.0,22.0,12.0,34.0,596.0
MEX,Mexico,2017-10-30,2017,44,NOTDEFINED,694.0,25.0,9.0,34.0,642.0
MEX,Mexico,2017-11-06,2017,45,NOTDEFINED,361.0,13.0,5.0,18.0,338.0
MEX,Mexico,2017-11-13,2017,46,NOTDEFINED,345.0,14.0,7.0,21.0,320.0
MEX,Mexico,2017-11-20,2017,47,NOTDEFINED,378.0,25.0,2.0,27.0,340.0
MEX,Mexico,2017-11-27,2017,48,NOTDEFINED,398.0,29.0,12.0,41.0,340.0
MEX,Mexico,2017-12-04,2017,49,NOTDEFINED,485.0,71.0,12.0,83.0,392.0
MEX,Mexico,2017-12-11,2017,50,NOTDEFINED,549.0,93.0,25.0,118.0,426.0
MEX,Mexico,2017-12-18,2017,51,NOTDEFINED,574.0,160.0,29.0,189.0,382.0
MEX,Mexico,2017-12-25,2017,52,NOTDEFINED,457.0,165.0,18.0,183.0,274.0
MEX,Mexico,2018-01-01,2018,1,NOTDEFINED,589.0,183.0,24.0,207.0,367.0
MEX,Mexico,2018-01-08,2018,2,NOTDEFINED,770.0,262.0,30.0,292.0,467.0
MEX,Mexico,2018-01-15,2018,3,NOTDEFINED,918.0,304.0,39.0,343.0,562.0
MEX,Mexico,2018-01-22,2018,4,NOTDEFINED,882.0,314.0,52.0,366.0,500.0
MEX,Mexico,2018-01-29,2018,5,NOTDEFINED,711.0,207.0,46.0,253.0,448.0
MEX,Mexico,2018-02-05,2018,6,NOTDEFINED,784.0,187.0,69.0,256.0,512.0
MEX,Mexico,2018-02-12,2018,7,NOTDEFINED,666.0,133.0,72.0,205.0,446.0
MEX,Mexico,2018-02-19,2018,8,NOTDEFINED,661.0,117.0,87.0,204.0,440.0
MEX,Mexico,2018-02-26,2018,9,NOTDEFINED,613.0,68.0,51.0,119.0,476.0
MEX,Mexico,2018-03-05,2018,10,NOTDEFINED,595.0,62.0,56.0,118.0,465.0
MEX,Mexico,2018-03-12,2018,11,NOTDEFINED,493.0,36.0,46.0,82.0,402.0
MEX,Mexico,2018-03-19,2018,12,NOTDEFINED,453.0,30.0,33.0,63.0,380.0
MEX,Mexico,2018-03-26,2018,13,NOTDEFINED,338.0,18.0,20.0,38.0,297.0
MEX,Mexico,2018-04-02,2018,14,NOTDEFINED,352.0,12.0,21.0,33.0,313.0
MEX,Mexico,2018-04-09,2018,15,NOTDEFINED,324.0,22.0,20.0,42.0,277.0
MEX,Mexico,2018-04-16,2018,16,NOTDEFINED,317.0,7.0,16.0,23.0,289.0
MEX,Mexico,2018-04-23,2018,17,NOTDEFINED,278.0,12.0,14.0,26.0,246.0
MEX,Mexico,2018-04-30,2018,18,NOTDEFINED,276.0,10.0,13.0,23.0,249.0
MEX,Mexico,2018-05-07,2018,19,NOTDEFINED,270.0,5.0,11.0,16.0,240.0
MEX,Mexico,2018-05-14,2018,20,NOTDEFINED,273.0,19.0,8.0,27.0,237.0
MEX,Mexico,2018-05-21,2018,21,NOTDEFINED,250.0,7.0,9.0,16.0,226.0
MEX,Mexico,2018-05-28,2018,22,NOTDEFINED,265.0,15.0,7.0,22.0,231.0
MEX,Mexico,2018-06-04,2018,23,NOTDEFINED,257.0,13.0,12.0,25.0,221.0
MEX,Mexico,2018-06-11,2018,24,NOTDEFINED,227.0,20.0,4.0,24.0,199.0
MEX,Mexico,2018-06-18,2018,25,NOTDEFINED,238.0,30.0,5.0,35.0,197.0
MEX,Mexico,2018-06-25,2018,26,NOTDEFINED,265.0,52.0,9.0,61.0,200.0
MEX,Mexico,2018-07-02,2018,27,NOTDEFINED,352.0,115.0,9.0,124.0,223.0
MEX,Mexico,2018-07-09,2018,28,NOTDEFINED,440.0,141.0,10.0,151.0,285.0
MEX,Mexico,2018-07-16,2018,29,NOTDEFINED,365.0,104.0,14.0,118.0,241.0
MEX,Mexico,2018-07-23,2018,30,NOTDEFINED,307.0,59.0,11.0,70.0,225.0
MEX,Mexico,2018-07-30,2018,31,NOTDEFINED,244.0,35.0,8.0,43.0,196.0
MEX,Mexico,2018-08-06,2018,32,NOTDEFINED,250.0,23.0,9.0,32.0,214.0
MEX,Mexico,2018-08-13,2018,33,NOTDEFINED,208.0,23.0,11.0,34.0,167.0
MEX,Mexico,2018-08-20,2018,34,NOTDEFINED,206.0,18.0,4.0,22.0,181.0
MEX,Mexico,2018-08-27,2018,35,NOTDEFINED,218.0,20.0,3.0,23.0,194.0
MEX,Mexico,2018-09-03,2018,36,NOTDEFINED,309.0,38.0,12.0,50.0,253.0
MEX,Mexico,2018-09-10,2018,37,NOTDEFINED,311.0,21.0,13.0,34.0,269.0
MEX,Mexico,2018-09-17,2018,38,NOTDEFINED,364.0,38.0,7.0,45.0,306.0
MEX,Mexico,2018-09-24,2018,39,NOTDEFINED,348.0,55.0,11.0,66.0,278.0
MEX,Mexico,2018-10-01,2018,40,NOTDEFINED,451.0,47.0,8.0,55.0,386.0
MEX,Mexico,2018-10-08,2018,41,NOTDEFINED,491.0,76.0,13.0,89.0,391.0
MEX,Mexico,2018-10-15,2018,42,NOTDEFINED,514.0,76.0,20.0,96.0,394.0
MEX,Mexico,2018-10-22,2018,43,NOTDEFINED,583.0,103.0,24.0,127.0,437.0
MEX,Mexico,2018-10-29,2018,44,NOTDEFINED,662.0,118.0,16.0,134.0,502.0
MEX,Mexico,2018-11-05,2018,45,NOTDEFINED,712.0,112.0,17.0,129.0,549.0
MEX,Mexico,2018-11-12,2018,46,NOTDEFINED,642.0,111.0,13.0,124.0,488.0
MEX,Mexico,2018-11-19,2018,47,NOTDEFINED,824.0,160.0,17.0,177.0,616.0
MEX,Mexico,2018-11-26,2018,48,NOTDEFINED,919.0,205.0,23.0,228.0,674.0
MEX,Mexico,2018-12-03,2018,49,NOTDEFINED,941.0,230.0,17.0,247.0,671.0
MEX,Mexico,2018-12-10,2018,50,NOTDEFINED,988.0,239.0,11.0,250.0,729.0
MEX,Mexico,2018-12-17,2018,51,NOTDEFINED,687.0,197.0,14.0,211.0,473.0
MEX,Mexico,2018-12-24,2018,52,NOTDEFINED,213.0,69.0,0.0,69.0,141.0
MEX,Mexico,2018-12-31,2019,1,NOTDEFINED,1195.0,375.0,19.0,394.0,775.0
MEX,Mexico,2019-01-07,2019,2,NOTDEFINED,1510.0,448.0,28.0,476.0,1008.0
MEX,Mexico,2019-01-14,2019,3,NOTDEFINED,1490.0,414.0,34.0,448.0,1014.0
MEX,Mexico,2019-01-21,2019,4,NOTDEFINED,1487.0,404.0,54.0,458.0,1003.0
MEX,Mexico,2019-01-28,2019,5,NOTDEFINED,1252.0,362.0,61.0,423.0,803.0
MEX,Mexico,2019-02-04,2019,6,NOTDEFINED,1264.0,335.0,58.0,393.0,840.0
MEX,Mexico,2019-02-11,2019,7,NOTDEFINED,1177.0,278.0,66.0,344.0,804.0
MEX,Mexico,2019-02-18,2019,8,NOTDEFINED,1074.0,250.0,108.0,358.0,682.0
MEX,Mexico,2019-02-25,2019,9,NOTDEFINED,1005.0,196.0,88.0,284.0,695.0
MEX,Mexico,2019-03-04,2019,10,NOTDEFINED,868.0,182.0,88.0,270.0,579.0
MEX,Mexico,2019-03-11,2019,11,NOTDEFINED,789.0,189.0,81.0,270.0,501.0
MEX,Mexico,2019-03-18,2019,12,NOTDEFINED,754.0,103.0,81.0,184.0,543.0
MEX,Mexico,2019-03-25,2019,13,NOTDEFINED,717.0,118.0,72.0,190.0,508.0
MEX,Mexico,2019-04-01,2019,14,NOTDEFINED,668.0,131.0,66.0,197.0,452.0
MEX,Mexico,2019-04-08,2019,15,NOTDEFINED,569.0,90.0,55.0,145.0,413.0
MEX,Mexico,2019-04-15,2019,16,NOTDEFINED,374.0,47.0,34.0,81.0,284.0
MEX,Mexico,2019-04-22,2019,17,NOTDEFINED,385.0,52.0,27.0,79.0,300.0
MEX,Mexico,2019-04-29,2019,18,NOTDEFINED,311.0,29.0,24.0,53.0,248.0
MEX,Mexico,2019-05-06,2019,19,NOTDEFINED,310.0,30.0,14.0,44.0,252.0
MEX,Mexico,2019-05-13,2019,20,NOTDEFINED,280.0,26.0,20.0,46.0,222.0
MEX,Mexico,2019-05-20,2019,21,NOTDEFINED,337.0,42.0,25.0,67.0,261.0
MEX,Mexico,2019-05-27,2019,22,NOTDEFINED,282.0,26.0,11.0,37.0,238.0
MEX,Mexico,2019-06-03,2019,23,NOTDEFINED,263.0,24.0,15.0,39.0,213.0
MEX,Mexico,2019-06-10,2019,24,NOTDEFINED,284.0,22.0,14.0,36.0,241.0
MEX,Mexico,2019-06-17,2019,25,NOTDEFINED,236.0,26.0,5.0,31.0,197.0
MEX,Mexico,2019-06-24,2019,26,NOTDEFINED,237.0,29.0,7.0,36.0,194.0
MEX,Mexico,2019-07-01,2019,27,NOTDEFINED,277.0,27.0,2.0,29.0,242.0
MEX,Mexico,2019-07-08,2019,28,NOTDEFINED,239.0,18.0,0.0,18.0,209.0
MEX,Mexico,2019-07-15,2019,29,NOTDEFINED,209.0,17.0,0.0,17.0,187.0
MEX,Mexico,2019-07-22,2019,30,NOTDEFINED,181.0,10.0,2.0,12.0,163.0
MEX,Mexico,2019-07-29,2019,31,NOTDEFINED,183.0,8.0,1.0,9.0,170.0
MEX,Mexico,2019-08-05,2019,32,NOTDEFINED,246.0,13.0,1.0,14.0,224.0
MEX,Mexico,2019-08-12,2019,33,NOTDEFINED,203.0,11.0,1.0,12.0,188.0
MEX,Mexico,2019-08-19,2019,34,NOTDEFINED,211.0,14.0,4.0,18.0,186.0
MEX,Mexico,2019-08-26,2019,35,NOTDEFINED,242.0,13.0,0.0,13.0,226.0
MEX,Mexico,2019-09-02,2019,36,NOTDEFINED,277.0,12.0,6.0,18.0,242.0
MEX,Mexico,2019-09-09,2019,37,NOTDEFINED,263.0,12.0,0.0,12.0,238.0
MEX,Mexico,2019-09-16,2019,38,NOTDEFINED,343.0,15.0,4.0,19.0,310.0
MEX,Mexico,2019-09-23,2019,39,NOTDEFINED,327.0,28.0,4.0,32.0,282.0
MEX,Mexico,2019-09-30,2019,40,NOTDEFINED,456.0,40.0,4.0,44.0,392.0
MEX,Mexico,2019-10-07,2019,41,NOTDEFINED,478.0,59.0,4.0,63.0,391.0
MEX,Mexico,2019-10-14,2019,42,NOTDEFINED,504.0,63.0,7.0,70.0,417.0
MEX,Mexico,2019-10-21,2019,43,NOTDEFINED,558.0,53.0,3.0,56.0,481.0
MEX,Mexico,2019-10-28,2019,44,NOTDEFINED,573.0,57.0,6.0,63.0,480.0
MEX,Mexico,2019-11-04,2019,45,NOTDEFINED,666.0,65.0,9.0,74.0,560.0
MEX,Mexico,2019-11-11,2019,46,NOTDEFINED,565.0,55.0,6.0,61.0,480.0
MEX,Mexico,2019-11-18,2019,47,NOTDEFINED,631.0,61.0,16.0,77.0,525.0
MEX,Mexico,2019-11-25,2019,48,NOTDEFINED,648.0,79.0,13.0,92.0,529.0
MEX,Mexico,2019-12-02,2019,49,NOTDEFINED,667.0,108.0,19.0,127.0,514.0
MEX,Mexico,2019-12-09,2019,50,NOTDEFINED,710.0,154.0,14.0,168.0,512.0
MEX,Mexico,2019-12-16,2019,51,NOTDEFINED,654.0,213.0,17.0,230.0,401.0
MEX,Mexico,2019-12-23,2019,52,NOTDEFINED,612.0,218.0,14.0,232.0,360.0
MEX,Mexico,2019-12-30,2020,1,NONSENTINEL,0.0,,,,0.0
MEX,Mexico,2019-12-30,2020,1,SENTINEL,652.0,210.0,36.0,246.0,406.0
MEX,Mexico,2020-01-06,2020,2,NONSENTINEL,0.0,,,,0.0
MEX,Mexico,2020-01-06,2020,2,SENTINEL,910.0,300.0,60.0,360.0,550.0
MEX,Mexico,2020-01-13,2020,3,NONSENTINEL,0.0,,,,0.0
MEX,Mexico,2020-01-13,2020,3,SENTINEL,1081.0,407.0,86.0,493.0,588.0
MEX,Mexico,2020-01-20,2020,4,NONSENTINEL,0.0,,,,0.0
MEX,Mexico,2020-01-20,2020,4,SENTINEL,1259.0,435.0,143.0,578.0,681.0
MEX,Mexico,2020-01-27,2020,5,NONSENTINEL,0.0,,,,0.0
MEX,Mexico,2020-01-27,2020,5,SENTINEL,1072.0,331.0,147.0,478.0,594.0
MEX,Mexico,2020-02-03,2020,6,NONSENTINEL,0.0,,,,0.0
MEX,Mexico,2020-02-03,2020,6,SENTINEL,1076.0,297.0,149.0,446.0,630.0
MEX,Mexico,2020-02-10,2020,7,NONSENTINEL,0.0,,,,0.0
MEX,Mexico,2020-02-10,2020,7,SENTINEL,1108.0,311.0,182.0,493.0,615.0
MEX,Mexico,2020-02-17,2020,8,NONSENTINEL,0.0,,,,0.0
MEX,Mexico,2020-02-17,2020,8,SENTINEL,971.0,214.0,172.0,386.0,585.0
MEX,Mexico,2020-02-24,2020,9,NONSENTINEL,0.0,,,,0.0
MEX,Mexico,2020-02-24,2020,9,SENTINEL,1052.0,189.0,207.0,396.0,656.0
MEX,Mexico,2020-03-02,2020,10,NONSENTINEL,0.0,,,,0.0
MEX,Mexico,2020-03-02,2020,10,SENTINEL,1020.0,125.0,178.0,303.0,717.0
MEX,Mexico,2020-03-09,2020,11,NONSENTINEL,0.0,,,,0.0
MEX,Mexico,2020-03-09,2020,11,SENTINEL,1399.0,105.0,171.0,276.0,1123.0
MEX,Mexico,2020-03-16,2020,12,NONSENTINEL,0.0,,,,0.0
MEX,Mexico,2020-03-16,2020,12,SENTINEL,2321.0,48.0,111.0,159.0,2162.0
MEX,Mexico,2020-03-23,2020,13,NONSENTINEL,0.0,,,,0.0
MEX,Mexico,2020-03-23,2020,13,SENTINEL,3159.0,16.0,56.0,72.0,3087.0
MEX,Mexico,2020-03-30,2020,14,NONSENTINEL,0.0,,,,0.0
MEX,Mexico,2020-03-30,2020,14,SENTINEL,3574.0,8.0,42.0,50.0,3524.0
MEX,Mexico,2020-04-06,2020,15,NONSENTINEL,0.0,,,,0.0
MEX,Mexico,2020-04-06,2020,15,SENTINEL,494.0,2.0,14.0,16.0,478.0
MEX,Mexico,2020-04-13,2020,16,NONSENTINEL,0.0,,,,0.0
MEX,Mexico,2020-04-13,2020,16,SENTINEL,497.0,1.0,1.0,2.0,495.0
MEX,Mexico,2020-04-20,2020,17,NONSENTINEL,0.0,,,,0.0
MEX,Mexico,2020-04-20,2020,17,SENTINEL,507.0,2.0,5.0,7.0,500.0
MEX,Mexico,2020-04-27,2020,18,NONSENTINEL,0.0,,,,0.0
MEX,Mexico,2020-04-27,2020,18,SENTINEL,594.0,6.0,1.0,7.0,587.0
MEX,Mexico,2020-05-04,2020,19,NONSENTINEL,0.0,,,,0.0
MEX,Mexico,2020-05-04,2020,19,SENTINEL,695.0,13.0,1.0,14.0,681.0
MEX,Mexico,2020-05-11,2020,20,NONSENTINEL,0.0,,,,0.0
MEX,Mexico,2020-05-11,2020,20,SENTINEL,870.0,7.0,2.0,9.0,861.0
MEX,Mexico,2020-05-18,2020,21,NONSENTINEL,0.0,,,,0.0
MEX,Mexico,2020-05-18,2020,21,SENTINEL,970.0,0.0,0.0,,970.0
MEX,Mexico,2020-05-25,2020,22,NONSENTINEL,0.0,,,,0.0
MEX,Mexico,2020-05-25,2020,22,SENTINEL,1103.0,0.0,0.0,,1103.0
MEX,Mexico,2020-06-01,2020,23,NONSENTINEL,0.0,,,,0.0
MEX,Mexico,2020-06-01,2020,23,SENTINEL,1177.0,1.0,0.0,1.0,1176.0
MEX,Mexico,2020-06-08,2020,24,NONSENTINEL,0.0,,,,0.0
MEX,Mexico,2020-06-08,2020,24,SENTINEL,1163.0,0.0,0.0,,1163.0
MEX,Mexico,2020-06-15,2020,25,NONSENTINEL,0.0,,,,0.0
MEX,Mexico,2020-06-15,2020,25,SENTINEL,1220.0,0.0,0.0,,1220.0
MEX,Mexico,2020-06-22,2020,26,NONSENTINEL,0.0,,,,0.0
MEX,Mexico,2020-06-22,2020,26,SENTINEL,1177.0,1.0,0.0,1.0,1176.0
MEX,Mexico,2020-06-29,2020,27,NONSENTINEL,0.0,,,,0.0
MEX,Mexico,2020-06-29,2020,27,SENTINEL,1418.0,1.0,0.0,1.0,1417.0
MEX,Mexico,2020-07-06,2020,28,NONSENTINEL,0.0,,,,0.0
MEX,Mexico,2020-07-06,2020,28,SENTINEL,1352.0,1.0,0.0,1.0,1351.0
MEX,Mexico,2020-07-13,2020,29,NONSENTINEL,0.0,,,,0.0
MEX,Mexico,2020-07-13,2020,29,SENTINEL,1349.0,0.0,0.0,,1349.0
MEX,Mexico,2020-07-20,2020,30,NONSENTINEL,0.0,,,,0.0
MEX,Mexico,2020-07-20,2020,30,SENTINEL,1372.0,0.0,0.0,,1372.0
MEX,Mexico,2020-07-27,2020,31,NONSENTINEL,0.0,,,,0.0
MEX,Mexico,2020-07-27,2020,31,SENTINEL,1278.0,0.0,0.0,,1278.0
MEX,Mexico,2020-08-03,2020,32,NONSENTINEL,0.0,,,,0.0
MEX,Mexico,2020-08-03,2020,32,SENTINEL,1271.0,0.0,0.0,,1271.0
MEX,Mexico,2020-08-10,2020,33,NONSENTINEL,0.0,,,,0.0
MEX,Mexico,2020-08-10,2020,33,SENTINEL,1339.0,0.0,0.0,,1339.0
MEX,Mexico,2020-08-17,2020,34,NONSENTINEL,0.0,,,,0.0
MEX,Mexico,2020-08-17,2020,34,SENTINEL,1330.0,0.0,0.0,,1330.0
MEX,Mexico,2020-08-24,2020,35,NONSENTINEL,0.0,,,,0.0
MEX,Mexico,2020-08-24,2020,35,SENTINEL,1359.0,0.0,0.0,,1359.0
MEX,Mexico,2020-08-31,2020,36,NONSENTINEL,0.0,,,,0.0
MEX,Mexico,2020-08-31,2020,36,SENTINEL,1570.0,0.0,0.0,,1570.0
MEX,Mexico,2020-09-07,2020,37,NONSENTINEL,0.0,,,,0.0
MEX,Mexico,2020-09-07,2020,37,SENTINEL,1311.0,2.0,0.0,2.0,1309.0
MEX,Mexico,2020-09-14,2020,38,NONSENTINEL,0.0,,,,0.0
MEX,Mexico,2020-09-14,2020,38,SENTINEL,1228.0,0.0,0.0,,1228.0
MEX,Mexico,2020-09-21,2020,39,NONSENTINEL,0.0,,,,0.0
MEX,Mexico,2020-09-21,2020,39,SENTINEL,1405.0,0.0,0.0,,1405.0
MEX,Mexico,2020-09-28,2020,40,NONSENTINEL,0.0,,,,0.0
MEX,Mexico,2020-09-28,2020,40,SENTINEL,1446.0,1.0,0.0,1.0,1445.0
MEX,Mexico,2020-10-05,2020,41,NONSENTINEL,0.0,,,,0.0
MEX,Mexico,2020-10-05,2020,41,SENTINEL,1393.0,0.0,0.0,,1393.0
MEX,Mexico,2020-10-12,2020,42,NONSENTINEL,0.0,,,,0.0
MEX,Mexico,2020-10-12,2020,42,SENTINEL,1437.0,0.0,0.0,,1437.0
MEX,Mexico,2020-10-19,2020,43,NONSENTINEL,0.0,,,,0.0
MEX,Mexico,2020-10-19,2020,43,SENTINEL,1663.0,0.0,0.0,,1663.0
MEX,Mexico,2020-10-26,2020,44,NONSENTINEL,0.0,,,,0.0
MEX,Mexico,2020-10-26,2020,44,SENTINEL,1483.0,0.0,0.0,,1483.0
MEX,Mexico,2020-11-02,2020,45,NONSENTINEL,0.0,,,,0.0
MEX,Mexico,2020-11-02,2020,45,SENTINEL,1502.0,0.0,0.0,,1502.0
MEX,Mexico,2020-11-09,2020,46,NONSENTINEL,0.0,,,,0.0
MEX,Mexico,2020-11-09,2020,46,SENTINEL,1561.0,0.0,0.0,,1561.0
MEX,Mexico,2020-11-16,2020,47,NONSENTINEL,0.0,,,,0.0
MEX,Mexico,2020-11-16,2020,47,SENTINEL,1607.0,0.0,0.0,,1607.0
MEX,Mexico,2020-11-23,2020,48,NONSENTINEL,0.0,,,,0.0
MEX,Mexico,2020-11-23,2020,48,SENTINEL,1500.0,0.0,0.0,,1500.0
MEX,Mexico,2020-11-30,2020,49,NONSENTINEL,0.0,,,,0.0
MEX,Mexico,2020-11-30,2020,49,SENTINEL,1461.0,0.0,0.0,,1461.0
MEX,Mexico,2020-12-07,2020,50,NONSENTINEL,0.0,,,,0.0
MEX,Mexico,2020-12-07,2020,50,SENTINEL,1434.0,0.0,0.0,,1434.0
MEX,Mexico,2020-12-14,2020,51,NONSENTINEL,0.0,,,,0.0
MEX,Mexico,2020-12-14,2020,51,SENTINEL,1289.0,0.0,0.0,,1289.0
MEX,Mexico,2020-12-21,2020,52,NONSENTINEL,0.0,,,,0.0
MEX,Mexico,2020-12-21,2020,52,SENTINEL,1037.0,1.0,0.0,1.0,1036.0
MEX,Mexico,2020-12-28,2020,53,NONSENTINEL,0.0,,,,0.0
MEX,Mexico,2020-12-28,2020,53,SENTINEL,649.0,0.0,0.0,,649.0
MEX,Mexico,2021-01-04,2021,1,NONSENTINEL,0.0,,,,0.0
MEX,Mexico,2021-01-04,2021,1,SENTINEL,1322.0,0.0,0.0,,1322.0
MEX,Mexico,2021-01-11,2021,2,NONSENTINEL,0.0,,,,0.0
MEX,Mexico,2021-01-11,2021,2,SENTINEL,1286.0,1.0,0.0,1.0,1285.0
MEX,Mexico,2021-01-18,2021,3,NONSENTINEL,0.0,,,,0.0
MEX,Mexico,2021-01-18,2021,3,SENTINEL,1330.0,0.0,0.0,,1330.0
MEX,Mexico,2021-01-25,2021,4,NONSENTINEL,0.0,,,,0.0
MEX,Mexico,2021-01-25,2021,4,SENTINEL,1114.0,0.0,0.0,,1114.0
MEX,Mexico,2021-02-01,2021,5,NONSENTINEL,0.0,,,,0.0
MEX,Mexico,2021-02-01,2021,5,SENTINEL,1084.0,0.0,0.0,,1084.0
MEX,Mexico,2021-02-08,2021,6,NONSENTINEL,0.0,,,,0.0
MEX,Mexico,2021-02-08,2021,6,SENTINEL,933.0,1.0,0.0,1.0,932.0
MEX,Mexico,2021-02-15,2021,7,NONSENTINEL,0.0,,,,0.0
MEX,Mexico,2021-02-15,2021,7,SENTINEL,891.0,0.0,0.0,,891.0
MEX,Mexico,2021-02-22,2021,8,NONSENTINEL,0.0,,,,0.0
MEX,Mexico,2021-02-22,2021,8,SENTINEL,837.0,0.0,0.0,,837.0
MEX,Mexico,2021-03-01,2021,9,NONSENTINEL,0.0,,,,0.0
MEX,Mexico,2021-03-01,2021,9,SENTINEL,909.0,0.0,0.0,,909.0
MEX,Mexico,2021-03-08,2021,10,NONSENTINEL,0.0,,,,0.0
MEX,Mexico,2021-03-08,2021,10,SENTINEL,807.0,0.0,0.0,,807.0
MEX,Mexico,2021-03-15,2021,11,NONSENTINEL,0.0,,,,0.0
MEX,Mexico,2021-03-15,2021,11,SENTINEL,888.0,1.0,0.0,1.0,887.0
MEX,Mexico,2021-03-22,2021,12,NONSENTINEL,0.0,,,,0.0
MEX,Mexico,2021-03-22,2021,12,SENTINEL,794.0,0.0,0.0,,794.0
MEX,Mexico,2021-03-29,2021,13,NONSENTINEL,0.0,,,,0.0
MEX,Mexico,2021-03-29,2021,13,SENTINEL,735.0,1.0,1.0,2.0,733.0
MEX,Mexico,2021-04-05,2021,14,NONSENTINEL,0.0,,,,0.0
MEX,Mexico,2021-04-05,2021,14,SENTINEL,908.0,0.0,0.0,,908.0
MEX,Mexico,2021-04-12,2021,15,NONSENTINEL,0.0,,,,0.0
MEX,Mexico,2021-04-12,2021,15,SENTINEL,783.0,0.0,0.0,,783.0
MEX,Mexico,2021-04-19,2021,16,NONSENTINEL,0.0,,,,0.0
MEX,Mexico,2021-04-19,2021,16,SENTINEL,781.0,0.0,0.0,,781.0
MEX,Mexico,2021-04-26,2021,17,NONSENTINEL,0.0,,,,0.0
MEX,Mexico,2021-04-26,2021,17,SENTINEL,746.0,0.0,0.0,,746.0
MEX,Mexico,2021-05-03,2021,18,NONSENTINEL,0.0,,,,0.0
MEX,Mexico,2021-05-03,2021,18,SENTINEL,699.0,0.0,0.0,,699.0
MEX,Mexico,2021-05-10,2021,19,NONSENTINEL,0.0,,,,0.0
MEX,Mexico,2021-05-10,2021,19,SENTINEL,742.0,0.0,0.0,,742.0
MEX,Mexico,2021-05-17,2021,20,NONSENTINEL,0.0,,,,0.0
MEX,Mexico,2021-05-17,2021,20,SENTINEL,724.0,0.0,0.0,,724.0
MEX,Mexico,2021-05-24,2021,21,NONSENTINEL,0.0,,,,0.0
MEX,Mexico,2021-05-24,2021,21,SENTINEL,665.0,0.0,0.0,,665.0
MEX,Mexico,2021-05-31,2021,22,NONSENTINEL,0.0,,,,0.0
MEX,Mexico,2021-05-31,2021,22,SENTINEL,649.0,0.0,0.0,,649.0
MEX,Mexico,2021-06-07,2021,23,NONSENTINEL,0.0,,,,0.0
MEX,Mexico,2021-06-07,2021,23,SENTINEL,653.0,0.0,0.0,,653.0
MEX,Mexico,2021-06-14,2021,24,NONSENTINEL,0.0,,,,0.0
MEX,Mexico,2021-06-14,2021,24,SENTINEL,616.0,0.0,1.0,1.0,615.0
MEX,Mexico,2021-06-21,2021,25,NONSENTINEL,0.0,,,,0.0
MEX,Mexico,2021-06-21,2021,25,SENTINEL,675.0,0.0,0.0,,675.0
MEX,Mexico,2021-06-28,2021,26,NONSENTINEL,0.0,,,,0.0
MEX,Mexico,2021-06-28,2021,26,SENTINEL,671.0,1.0,0.0,1.0,670.0
MEX,Mexico,2021-07-05,2021,27,NONSENTINEL,0.0,,,,0.0
MEX,Mexico,2021-07-05,2021,27,SENTINEL,888.0,0.0,0.0,,888.0
MEX,Mexico,2021-07-12,2021,28,NONSENTINEL,0.0,,,,0.0
MEX,Mexico,2021-07-12,2021,28,SENTINEL,988.0,0.0,0.0,,988.0
MEX,Mexico,2021-07-19,2021,29,NONSENTINEL,0.0,,,,0.0
MEX,Mexico,2021-07-19,2021,29,SENTINEL,1148.0,0.0,0.0,,1148.0
MEX,Mexico,2021-07-26,2021,30,NONSENTINEL,0.0,,,,0.0
MEX,Mexico,2021-07-26,2021,30,SENTINEL,1078.0,0.0,2.0,2.0,1076.0
MEX,Mexico,2021-08-02,2021,31,NONSENTINEL,0.0,,,,0.0
MEX,Mexico,2021-08-02,2021,31,SENTINEL,1082.0,0.0,1.0,1.0,1081.0
MEX,Mexico,2021-08-09,2021,32,NONSENTINEL,0.0,,,,0.0
MEX,Mexico,2021-08-09,2021,32,SENTINEL,1052.0,0.0,0.0,,1052.0
MEX,Mexico,2021-08-16,2021,33,NONSENTINEL,0.0,,,,0.0
MEX,Mexico,2021-08-16,2021,33,SENTINEL,1066.0,0.0,5.0,5.0,1061.0
MEX,Mexico,2021-08-23,2021,34,NONSENTINEL,0.0,,,,0.0
MEX,Mexico,2021-08-23,2021,34,SENTINEL,936.0,0.0,7.0,7.0,929.0
MEX,Mexico,2021-08-30,2021,35,NONSENTINEL,0.0,,,,0.0
MEX,Mexico,2021-08-30,2021,35,SENTINEL,879.0,0.0,2.0,2.0,877.0
MEX,Mexico,2021-09-06,2021,36,NONSENTINEL,0.0,,,,0.0
MEX,Mexico,2021-09-06,2021,36,SENTINEL,807.0,1.0,1.0,2.0,805.0
MEX,Mexico,2021-09-13,2021,37,NONSENTINEL,0.0,,,,0.0
MEX,Mexico,2021-09-13,2021,37,SENTINEL,719.0,1.0,2.0,3.0,716.0
MEX,Mexico,2021-09-20,2021,38,NONSENTINEL,0.0,,,,0.0
MEX,Mexico,2021-09-20,2021,38,SENTINEL,815.0,0.0,1.0,1.0,814.0
MEX,Mexico,2021-09-27,2021,39,NONSENTINEL,0.0,,,,0.0
MEX,Mexico,2021-09-27,2021,39,SENTINEL,766.0,0.0,0.0,,766.0
MEX,Mexico,2021-10-04,2021,40,NONSENTINEL,0.0,,,,0.0
MEX,Mexico,2021-10-04,2021,40,SENTINEL,776.0,3.0,1.0,4.0,772.0
MEX,Mexico,2021-10-11,2021,41,NONSENTINEL,0.0,,,,0.0
MEX,Mexico,2021-10-11,2021,41,SENTINEL,802.0,2.0,2.0,4.0,798.0
MEX,Mexico,2021-10-18,2021,42,NONSENTINEL,0.0,,,,0.0
MEX,Mexico,2021-10-18,2021,42,SENTINEL,810.0,10.0,2.0,12.0,798.0
MEX,Mexico,2021-10-25,2021,43,NONSENTINEL,0.0,,,,0.0
MEX,Mexico,2021-10-25,2021,43,SENTINEL,698.0,5.0,5.0,10.0,688.0
MEX,Mexico,2021-11-01,2021,44,NONSENTINEL,0.0,,,,0.0
MEX,Mexico,2021-11-01,2021,44,SENTINEL,744.0,11.0,3.0,14.0,730.0
MEX,Mexico,2021-11-08,2021,45,NONSENTINEL,0.0,,,,0.0
MEX,Mexico,2021-11-08,2021,45,SENTINEL,694.0,15.0,4.0,19.0,675.0
MEX,Mexico,2021-11-15,2021,46,NONSENTINEL,0.0,,,,0.0
MEX,Mexico,2021-11-15,2021,46,SENTINEL,714.0,54.0,8.0,62.0,652.0
MEX,Mexico,2021-11-22,2021,47,NONSENTINEL,0.0,,,,0.0
MEX,Mexico,2021-11-22,2021,47,SENTINEL,667.0,82.0,8.0,90.0,577.0
MEX,Mexico,2021-11-29,2021,48,NONSENTINEL,0.0,,,,0.0
MEX,Mexico,2021-11-29,2021,48,SENTINEL,778.0,150.0,4.0,154.0,624.0
MEX,Mexico,2021-12-06,2021,49,NONSENTINEL,0.0,,,,0.0
MEX,Mexico,2021-12-06,2021,49,SENTINEL,737.0,157.0,5.0,162.0,575.0
MEX,Mexico,2021-12-13,2021,50,NONSENTINEL,0.0,,,,0.0
MEX,Mexico,2021-12-13,2021,50,SENTINEL,709.0,219.0,1.0,220.0,489.0
MEX,Mexico,2021-12-20,2021,51,NONSENTINEL,0.0,,,,0.0
MEX,Mexico,2021-12-20,2021,51,SENTINEL,587.0,157.0,0.0,157.0,430.0
MEX,Mexico,2021-12-27,2021,52,NONSENTINEL,0.0,,,,0.0
MEX,Mexico,2021-12-27,2021,52,SENTINEL,97.0,22.0,0.0,22.0,75.0
MEX,Mexico,2022-01-03,2022,1,NONSENTINEL,0.0,0.0,0.0,,0.0
MEX,Mexico,2022-01-03,2022,1,SENTINEL,1769.0,539.0,2.0,541.0,1228.0
MEX,Mexico,2022-01-10,2022,2,NONSENTINEL,0.0,0.0,0.0,,0.0
MEX,Mexico,2022-01-10,2022,2,SENTINEL,1310.0,258.0,5.0,263.0,1047.0
MEX,Mexico,2022-01-17,2022,3,NONSENTINEL,0.0,0.0,0.0,,0.0
MEX,Mexico,2022-01-17,2022,3,SENTINEL,866.0,134.0,0.0,134.0,732.0
MEX,Mexico,2022-01-24,2022,4,NONSENTINEL,0.0,0.0,0.0,,0.0
MEX,Mexico,2022-01-24,2022,4,SENTINEL,692.0,68.0,0.0,68.0,624.0
MEX,Mexico,2022-01-31,2022,5,NONSENTINEL,0.0,0.0,0.0,,0.0
MEX,Mexico,2022-01-31,2022,5,SENTINEL,580.0,49.0,0.0,49.0,531.0
MEX,Mexico,2022-02-07,2022,6,NONSENTINEL,0.0,0.0,0.0,,0.0
MEX,Mexico,2022-02-07,2022,6,SENTINEL,491.0,45.0,0.0,45.0,446.0
MEX,Mexico,2022-02-14,2022,7,NONSENTINEL,0.0,0.0,0.0,,0.0
MEX,Mexico,2022-02-14,2022,7,SENTINEL,486.0,34.0,0.0,34.0,452.0
MEX,Mexico,2022-02-21,2022,8,NONSENTINEL,0.0,0.0,0.0,,0.0
MEX,Mexico,2022-02-21,2022,8,SENTINEL,456.0,29.0,0.0,29.0,427.0
MEX,Mexico,2022-02-28,2022,9,NONSENTINEL,0.0,0.0,0.0,,0.0
MEX,Mexico,2022-02-28,2022,9,SENTINEL,450.0,33.0,0.0,33.0,417.0
MEX,Mexico,2022-03-07,2022,10,NONSENTINEL,0.0,0.0,0.0,,0.0
MEX,Mexico,2022-03-07,2022,10,SENTINEL,425.0,47.0,0.0,47.0,378.0
MEX,Mexico,2022-03-14,2022,11,NONSENTINEL,0.0,0.0,0.0,,0.0
MEX,Mexico,2022-03-14,2022,11,SENTINEL,375.0,30.0,0.0,30.0,345.0
MEX,Mexico,2022-03-21,2022,12,NONSENTINEL,0.0,0.0,0.0,,0.0
MEX,Mexico,2022-03-21,2022,12,SENTINEL,400.0,47.0,0.0,47.0,353.0
MEX,Mexico,2022-03-28,2022,13,NONSENTINEL,0.0,0.0,0.0,,0.0
MEX,Mexico,2022-03-28,2022,13,SENTINEL,383.0,49.0,0.0,49.0,334.0
MEX,Mexico,2022-04-04,2022,14,NONSENTINEL,0.0,0.0,0.0,,0.0
MEX,Mexico,2022-04-04,2022,14,SENTINEL,320.0,28.0,0.0,28.0,292.0
MEX,Mexico,2022-04-11,2022,15,NONSENTINEL,0.0,0.0,0.0,,0.0
MEX,Mexico,2022-04-11,2022,15,SENTINEL,249.0,34.0,1.0,35.0,214.0
MEX,Mexico,2022-04-18,2022,16,NONSENTINEL,0.0,0.0,0.0,,0.0
MEX,Mexico,2022-04-18,2022,16,SENTINEL,296.0,28.0,0.0,28.0,268.0
MEX,Mexico,2022-04-25,2022,17,NONSENTINEL,0.0,0.0,0.0,,0.0
MEX,Mexico,2022-04-25,2022,17,SENTINEL,270.0,27.0,0.0,27.0,243.0
MEX,Mexico,2022-05-02,2022,18,NONSENTINEL,0.0,0.0,0.0,,0.0
MEX,Mexico,2022-05-02,2022,18,SENTINEL,260.0,49.0,0.0,49.0,211.0
MEX,Mexico,2022-05-09,2022,19,NONSENTINEL,0.0,0.0,0.0,,0.0
MEX,Mexico,2022-05-09,2022,19,SENTINEL,300.0,58.0,0.0,58.0,242.0
MEX,Mexico,2022-05-16,2022,20,NONSENTINEL,0.0,0.0,0.0,,0.0
MEX,Mexico,2022-05-16,2022,20,SENTINEL,331.0,70.0,0.0,70.0,261.0
MEX,Mexico,2022-05-23,2022,21,NONSENTINEL,0.0,0.0,0.0,,0.0
MEX,Mexico,2022-05-23,2022,21,SENTINEL,317.0,76.0,0.0,76.0,241.0
MEX,Mexico,2022-05-30,2022,22,NONSENTINEL,0.0,0.0,0.0,,0.0
MEX,Mexico,2022-05-30,2022,22,SENTINEL,377.0,99.0,0.0,99.0,278.0
MEX,Mexico,2022-06-06,2022,23,NONSENTINEL,0.0,0.0,0.0,,0.0
MEX,Mexico,2022-06-06,2022,23,SENTINEL,389.0,86.0,0.0,86.0,303.0
MEX,Mexico,2022-06-13,2022,24,NONSENTINEL,0.0,0.0,0.0,,0.0
MEX,Mexico,2022-06-13,2022,24,SENTINEL,383.0,58.0,2.0,60.0,323.0
MEX,Mexico,2022-06-20,2022,25,NONSENTINEL,0.0,0.0,0.0,,0.0
MEX,Mexico,2022-06-20,2022,25,SENTINEL,471.0,75.0,0.0,75.0,396.0
MEX,Mexico,2022-06-27,2022,26,NONSENTINEL,0.0,0.0,0.0,,0.0
MEX,Mexico,2022-06-27,2022,26,SENTINEL,464.0,55.0,0.0,55.0,409.0
MEX,Mexico,2022-07-04,2022,27,NONSENTINEL,0.0,0.0,0.0,,0.0
MEX,Mexico,2022-07-04,2022,27,SENTINEL,451.0,41.0,0.0,41.0,410.0
MEX,Mexico,2022-07-11,2022,28,NONSENTINEL,0.0,0.0,0.0,,0.0
MEX,Mexico,2022-07-11,2022,28,SENTINEL,465.0,55.0,0.0,55.0,410.0
MEX,Mexico,2022-07-18,2022,29,NONSENTINEL,0.0,0.0,0.0,,0.0
MEX,Mexico,2022-07-18,2022,29,SENTINEL,415.0,32.0,0.0,32.0,383.0
MEX,Mexico,2022-07-25,2022,30,NONSENTINEL,0.0,0.0,0.0,,0.0
MEX,Mexico,2022-07-25,2022,30,SENTINEL,344.0,28.0,0.0,28.0,316.0
MEX,Mexico,2022-08-01,2022,31,NONSENTINEL,0.0,0.0,0.0,,0.0
MEX,Mexico,2022-08-01,2022,31,SENTINEL,344.0,62.0,0.0,62.0,282.0
MEX,Mexico,2022-08-08,2022,32,NONSENTINEL,0.0,0.0,0.0,,0.0
MEX,Mexico,2022-08-08,2022,32,SENTINEL,315.0,58.0,0.0,58.0,257.0
MEX,Mexico,2022-08-15,2022,33,NONSENTINEL,0.0,0.0,0.0,,0.0
MEX,Mexico,2022-08-15,2022,33,SENTINEL,342.0,98.0,0.0,98.0,244.0
MEX,Mexico,2022-08-22,2022,34,NONSENTINEL,0.0,0.0,0.0,,0.0
MEX,Mexico,2022-08-22,2022,34,SENTINEL,314.0,81.0,0.0,81.0,233.0
MEX,Mexico,2022-08-29,2022,35,NONSENTINEL,0.0,0.0,0.0,,0.0
MEX,Mexico,2022-08-29,2022,35,SENTINEL,357.0,107.0,0.0,107.0,250.0
MEX,Mexico,2022-09-05,2022,36,NONSENTINEL,0.0,0.0,0.0,,0.0
MEX,Mexico,2022-09-05,2022,36,SENTINEL,398.0,119.0,0.0,119.0,279.0
MEX,Mexico,2022-09-12,2022,37,NONSENTINEL,0.0,0.0,0.0,,0.0
MEX,Mexico,2022-09-12,2022,37,SENTINEL,352.0,95.0,0.0,95.0,257.0
MEX,Mexico,2022-09-19,2022,38,NONSENTINEL,0.0,0.0,0.0,,0.0
MEX,Mexico,2022-09-19,2022,38,SENTINEL,456.0,112.0,0.0,112.0,344.0
MEX,Mexico,2022-09-26,2022,39,NONSENTINEL,0.0,0.0,0.0,,0.0
MEX,Mexico,2022-09-26,2022,39,SENTINEL,473.0,163.0,0.0,163.0,310.0
MEX,Mexico,2022-10-03,2022,40,NONSENTINEL,0.0,0.0,0.0,,0.0
MEX,Mexico,2022-10-03,2022,40,SENTINEL,553.0,198.0,0.0,198.0,355.0
MEX,Mexico,2022-10-10,2022,41,NONSENTINEL,0.0,0.0,0.0,,0.0
MEX,Mexico,2022-10-10,2022,41,SENTINEL,534.0,198.0,1.0,199.0,335.0
MEX,Mexico,2022-10-17,2022,42,NONSENTINEL,0.0,0.0,0.0,,0.0
MEX,Mexico,2022-10-17,2022,42,SENTINEL,548.0,216.0,0.0,216.0,332.0
MEX,Mexico,2022-10-24,2022,43,NONSENTINEL,0.0,0.0,0.0,,0.0
MEX,Mexico,2022-10-24,2022,43,SENTINEL,582.0,238.0,1.0,239.0,343.0
MEX,Mexico,2022-10-31,2022,44,NONSENTINEL,0.0,0.0,0.0,,0.0
MEX,Mexico,2022-10-31,2022,44,SENTINEL,852.0,453.0,0.0,453.0,399.0
MEX,Mexico,2022-11-07,2022,45,NONSENTINEL,0.0,0.0,0.0,,0.0
MEX,Mexico,2022-11-07,2022,45,SENTINEL,1152.0,705.0,1.0,706.0,446.0
MEX,Mexico,2022-11-14,2022,46,NONSENTINEL,0.0,0.0,0.0,,0.0
MEX,Mexico,2022-11-14,2022,46,SENTINEL,1228.0,821.0,1.0,822.0,406.0
MEX,Mexico,2022-11-21,2022,47,NONSENTINEL,0.0,0.0,0.0,,0.0
MEX,Mexico,2022-11-21,2022,47,SENTINEL,1438.0,986.0,5.0,991.0,447.0
MEX,Mexico,2022-11-28,2022,48,NONSENTINEL,0.0,0.0,0.0,,0.0
MEX,Mexico,2022-11-28,2022,48,SENTINEL,1465.0,1018.0,4.0,1022.0,443.0
MEX,Mexico,2022-12-05,2022,49,NONSENTINEL,0.0,0.0,0.0,,0.0
MEX,Mexico,2022-12-05,2022,49,SENTINEL,1357.0,943.0,12.0,955.0,402.0
MEX,Mexico,2022-12-12,2022,50,NONSENTINEL,0.0,0.0,0.0,,0.0
MEX,Mexico,2022-12-12,2022,50,SENTINEL,1207.0,827.0,9.0,836.0,371.0
MEX,Mexico,2022-12-19,2022,51,NONSENTINEL,0.0,0.0,0.0,,0.0
MEX,Mexico,2022-12-19,2022,51,SENTINEL,767.0,460.0,7.0,467.0,300.0
MEX,Mexico,2022-12-26,2022,52,NONSENTINEL,0.0,0.0,0.0,,0.0
MEX,Mexico,2022-12-26,2022,52,SENTINEL,85.0,43.0,1.0,44.0,41.0
MEX,Mexico,2023-01-02,2023,1,NONSENTINEL,0.0,0.0,0.0,,0.0
MEX,Mexico,2023-01-02,2023,1,SENTINEL,776.0,304.0,16.0,320.0,456.0
MEX,Mexico,2023-01-09,2023,2,NONSENTINEL,0.0,0.0,0.0,,0.0
MEX,Mexico,2023-01-09,2023,2,SENTINEL,620.0,195.0,23.0,218.0,402.0
MEX,Mexico,2023-01-16,2023,3,NONSENTINEL,0.0,0.0,0.0,,0.0
MEX,Mexico,2023-01-16,2023,3,SENTINEL,530.0,106.0,25.0,131.0,399.0
MEX,Mexico,2023-01-23,2023,4,NONSENTINEL,0.0,0.0,0.0,,0.0
MEX,Mexico,2023-01-23,2023,4,SENTINEL,494.0,84.0,27.0,111.0,383.0
MEX,Mexico,2023-01-30,2023,5,NONSENTINEL,0.0,0.0,0.0,,0.0
MEX,Mexico,2023-01-30,2023,5,SENTINEL,377.0,46.0,16.0,62.0,315.0
MEX,Mexico,2023-02-06,2023,6,NONSENTINEL,0.0,0.0,0.0,,0.0
MEX,Mexico,2023-02-06,2023,6,SENTINEL,387.0,39.0,15.0,54.0,333.0
MEX,Mexico,2023-02-13,2023,7,NONSENTINEL,0.0,0.0,0.0,,0.0
MEX,Mexico,2023-02-13,2023,7,SENTINEL,370.0,27.0,19.0,46.0,324.0
MEX,Mexico,2023-02-20,2023,8,NONSENTINEL,0.0,0.0,0.0,,0.0
MEX,Mexico,2023-02-20,2023,8,SENTINEL,372.0,9.0,40.0,49.0,323.0
MEX,Mexico,2023-02-27,2023,9,NONSENTINEL,0.0,0.0,0.0,,0.0
MEX,Mexico,2023-02-27,2023,9,SENTINEL,368.0,19.0,41.0,60.0,308.0
MEX,Mexico,2023-03-06,2023,10,NONSENTINEL,0.0,0.0,0.0,,0.0
MEX,Mexico,2023-03-06,2023,10,SENTINEL,379.0,15.0,41.0,56.0,323.0
MEX,Mexico,2023-03-13,2023,11,NONSENTINEL,0.0,0.0,0.0,,0.0
MEX,Mexico,2023-03-13,2023,11,SENTINEL,325.0,10.0,45.0,55.0,270.0
MEX,Mexico,2023-03-20,2023,12,NONSENTINEL,0.0,0.0,0.0,,0.0
MEX,Mexico,2023-03-20,2023,12,SENTINEL,366.0,10.0,77.0,87.0,279.0
MEX,Mexico,2023-03-27,2023,13,NONSENTINEL,0.0,0.0,0.0,,0.0
MEX,Mexico,2023-03-27,2023,13,SENTINEL,322.0,14.0,61.0,75.0,247.0
MEX,Mexico,2023-04-03,2023,14,NONSENTINEL,0.0,0.0,0.0,,0.0
MEX,Mexico,2023-04-03,2023,14,SENTINEL,242.0,4.0,42.0,46.0,196.0
MEX,Mexico,2023-04-10,2023,15,NONSENTINEL,0.0,0.0,0.0,,0.0
MEX,Mexico,2023-04-10,2023,15,SENTINEL,296.0,5.0,74.0,79.0,217.0
MEX,Mexico,2023-04-17,2023,16,NONSENTINEL,0.0,0.0,0.0,,0.0
MEX,Mexico,2023-04-17,2023,16,SENTINEL,274.0,5.0,69.0,74.0,200.0
MEX,Mexico,2023-04-24,2023,17,NONSENTINEL,0.0,0.0,0.0,,0.0
MEX,Mexico,2023-04-24,2023,17,SENTINEL,262.0,16.0,80.0,96.0,166.0
MEX,Mexico,2023-05-01,2023,18,NONSENTINEL,0.0,0.0,0.0,,0.0
MEX,Mexico,2023-05-01,2023,18,SENTINEL,328.0,14.0,100.0,114.0,214.0
MEX,Mexico,2023-05-08,2023,19,NONSENTINEL,0.0,0.0,0.0,,0.0
MEX,Mexico,2023-05-08,2023,19,SENTINEL,320.0,11.0,103.0,114.0,206.0
MEX,Mexico,2023-05-15,2023,20,NONSENTINEL,0.0,0.0,0.0,,0.0
MEX,Mexico,2023-05-15,2023,20,SENTINEL,339.0,11.0,128.0,139.0,200.0
MEX,Mexico,2023-05-22,2023,21,NONSENTINEL,0.0,0.0,0.0,,0.0
MEX,Mexico,2023-05-22,2023,21,SENTINEL,296.0,10.0,89.0,99.0,197.0
MEX,Mexico,2023-05-29,2023,22,NONSENTINEL,0.0,0.0,0.0,,0.0
MEX,Mexico,2023-05-29,2023,22,SENTINEL,277.0,9.0,71.0,80.0,197.0
MEX,Mexico,2023-06-05,2023,23,NONSENTINEL,0.0,0.0,0.0,,0.0
MEX,Mexico,2023-06-05,2023,23,SENTINEL,268.0,13.0,79.0,92.0,176.0
MEX,Mexico,2023-06-12,2023,24,NONSENTINEL,0.0,0.0,0.0,,0.0
MEX,Mexico,2023-06-12,2023,24,SENTINEL,278.0,7.0,86.0,93.0,185.0
MEX,Mexico,2023-06-19,2023,25,NONSENTINEL,0.0,0.0,0.0,,0.0
MEX,Mexico,2023-06-19,2023,25,SENTINEL,273.0,11.0,75.0,86.0,187.0
MEX,Mexico,2023-06-26,2023,26,NONSENTINEL,0.0,0.0,0.0,,0.0
MEX,Mexico,2023-06-26,2023,26,SENTINEL,226.0,12.0,58.0,70.0,156.0
MEX,Mexico,2023-07-03,2023,27,NONSENTINEL,0.0,0.0,0.0,,0.0
MEX,Mexico,2023-07-03,2023,27,SENTINEL,235.0,13.0,46.0,59.0,176.0
MEX,Mexico,2023-07-10,2023,28,NONSENTINEL,0.0,0.0,0.0,,0.0
MEX,Mexico,2023-07-10,2023,28,SENTINEL,221.0,24.0,48.0,72.0,149.0
MEX,Mexico,2023-07-17,2023,29,NONSENTINEL,0.0,0.0,0.0,,0.0
MEX,Mexico,2023-07-17,2023,29,SENTINEL,209.0,27.0,39.0,66.0,143.0
MEX,Mexico,2023-07-24,2023,30,NONSENTINEL,0.0,0.0,0.0,,0.0
MEX,Mexico,2023-07-24,2023,30,SENTINEL,206.0,34.0,43.0,77.0,129.0
MEX,Mexico,2023-07-31,2023,31,NONSENTINEL,0.0,0.0,0.0,,0.0
MEX,Mexico,2023-07-31,2023,31,SENTINEL,243.0,25.0,45.0,70.0,173.0
MEX,Mexico,2023-08-07,2023,32,NONSENTINEL,0.0,0.0,0.0,,0.0
MEX,Mexico,2023-08-07,2023,32,SENTINEL,211.0,16.0,39.0,55.0,156.0
MEX,Mexico,2023-08-14,2023,33,NONSENTINEL,0.0,0.0,0.0,,0.0
MEX,Mexico,2023-08-14,2023,33,SENTINEL,226.0,25.0,46.0,71.0,155.0
MEX,Mexico,2023-08-21,2023,34,NONSENTINEL,0.0,0.0,0.0,,0.0
MEX,Mexico,2023-08-21,2023,34,SENTINEL,231.0,39.0,25.0,64.0,167.0
MEX,Mexico,2023-08-28,2023,35,NONSENTINEL,0.0,0.0,0.0,,0.0
MEX,Mexico,2023-08-28,2023,35,SENTINEL,245.0,33.0,43.0,76.0,169.0
MEX,Mexico,2023-09-04,2023,36,NONSENTINEL,0.0,0.0,0.0,,0.0
MEX,Mexico,2023-09-04,2023,36,SENTINEL,291.0,59.0,36.0,95.0,196.0
MEX,Mexico,2023-09-11,2023,37,NONSENTINEL,0.0,0.0,0.0,,0.0
MEX,Mexico,2023-09-11,2023,37,SENTINEL,360.0,74.0,47.0,121.0,239.0
MEX,Mexico,2023-09-18,2023,38,NONSENTINEL,0.0,0.0,0.0,,0.0
MEX,Mexico,2023-09-18,2023,38,SENTINEL,415.0,104.0,62.0,166.0,249.0
MEX,Mexico,2023-09-25,2023,39,NONSENTINEL,0.0,0.0,0.0,,0.0
MEX,Mexico,2023-09-25,2023,39,SENTINEL,229.0,71.0,24.0,95.0,134.0
MEX,Mexico,2023-10-02,2023,40,NONSENTINEL,0.0,0.0,0.0,,0.0
MEX,Mexico,2023-10-02,2023,40,SENTINEL,1636.0,111.0,34.0,145.0,1491.0
MEX,Mexico,2023-10-09,2023,41,NONSENTINEL,0.0,0.0,0.0,,0.0
MEX,Mexico,2023-10-09,2023,41,SENTINEL,1540.0,133.0,35.0,168.0,1372.0
MEX,Mexico,2023-10-16,2023,42,NONSENTINEL,0.0,0.0,0.0,,0.0
MEX,Mexico,2023-10-16,2023,42,SENTINEL,1842.0,206.0,32.0,238.0,1604.0
MEX,Mexico,2023-10-23,2023,43,NONSENTINEL,0.0,0.0,0.0,,0.0
MEX,Mexico,2023-10-23,2023,43,SENTINEL,1799.0,250.0,32.0,282.0,1517.0
MEX,Mexico,2023-10-30,2023,44,NONSENTINEL,0.0,0.0,0.0,,0.0
MEX,Mexico,2023-10-30,2023,44,SENTINEL,1762.0,207.0,40.0,247.0,1515.0
MEX,Mexico,2023-11-06,2023,45,NONSENTINEL,0.0,0.0,0.0,,0.0
MEX,Mexico,2023-11-06,2023,45,SENTINEL,2024.0,341.0,43.0,384.0,1640.0
MEX,Mexico,2023-11-13,2023,46,NONSENTINEL,0.0,0.0,0.0,,0.0
MEX,Mexico,2023-11-13,2023,46,SENTINEL,1810.0,325.0,48.0,373.0,1437.0
MEX,Mexico,2023-11-20,2023,47,NONSENTINEL,0.0,0.0,0.0,,0.0
MEX,Mexico,2023-11-20,2023,47,SENTINEL,2295.0,474.0,52.0,526.0,1769.0
MEX,Mexico,2023-11-27,2023,48,NONSENTINEL,0.0,0.0,0.0,,0.0
MEX,Mexico,2023-11-27,2023,48,SENTINEL,2293.0,421.0,46.0,467.0,1826.0
MEX,Mexico,2023-12-04,2023,49,NONSENTINEL,0.0,0.0,0.0,,0.0
MEX,Mexico,2023-12-04,2023,49,SENTINEL,2218.0,423.0,64.0,487.0,1731.0
MEX,Mexico,2023-12-11,2023,50,NONSENTINEL,0.0,0.0,0.0,,0.0
MEX,Mexico,2023-12-11,2023,50,SENTINEL,2166.0,401.0,53.0,454.0,1712.0
MEX,Mexico,2023-12-18,2023,51,NONSENTINEL,0.0,0.0,0.0,,0.0
MEX,Mexico,2023-12-18,2023,51,SENTINEL,1415.0,258.0,30.0,288.0,1127.0
MEX,Mexico,2023-12-25,2023,52,NONSENTINEL,0.0,0.0,0.0,,0.0
MEX,Mexico,2023-12-25,2023,52,SENTINEL,144.0,10.0,4.0,14.0,130.0
MEX,Mexico,2024-01-01,2024,1,NONSENTINEL,0.0,0.0,0.0,,0.0
MEX,Mexico,2024-01-01,2024,1,SENTINEL,2391.0,461.0,62.0,523.0,1868.0
MEX,Mexico,2024-01-08,2024,2,NONSENTINEL,0.0,0.0,0.0,,0.0
MEX,Mexico,2024-01-08,2024,2,SENTINEL,2573.0,434.0,73.0,507.0,2066.0
MEX,Mexico,2024-01-15,2024,3,NONSENTINEL,0.0,0.0,0.0,,0.0
MEX,Mexico,2024-01-15,2024,3,SENTINEL,3171.0,467.0,121.0,588.0,2583.0
MEX,Mexico,2024-01-22,2024,4,NONSENTINEL,0.0,0.0,0.0,,0.0
MEX,Mexico,2024-01-22,2024,4,SENTINEL,2858.0,387.0,122.0,509.0,2349.0
MEX,Mexico,2024-01-29,2024,5,NONSENTINEL,0.0,0.0,0.0,,0.0
MEX,Mexico,2024-01-29,2024,5,SENTINEL,2666.0,329.0,95.0,424.0,2242.0
MEX,Mexico,2024-02-05,2024,6,NONSENTINEL,0.0,0.0,0.0,,0.0
MEX,Mexico,2024-02-05,2024,6,SENTINEL,2844.0,345.0,101.0,446.0,2398.0
MEX,Mexico,2024-02-12,2024,7,NONSENTINEL,0.0,0.0,0.0,,0.0
MEX,Mexico,2024-02-12,2024,7,SENTINEL,2594.0,312.0,109.0,421.0,2173.0
MEX,Mexico,2024-02-19,2024,8,NONSENTINEL,0.0,0.0,0.0,,0.0
MEX,Mexico,2024-02-19,2024,8,SENTINEL,2403.0,270.0,108.0,378.0,2025.0
MEX,Mexico,2024-02-26,2024,9,NONSENTINEL,0.0,0.0,0.0,,0.0
MEX,Mexico,2024-02-26,2024,9,SENTINEL,2432.0,372.0,95.0,467.0,1965.0
MEX,Mexico,2024-03-04,2024,10,NONSENTINEL,0.0,0.0,0.0,,0.0
MEX,Mexico,2024-03-04,2024,10,SENTINEL,2088.0,357.0,89.0,446.0,1642.0
MEX,Mexico,2024-03-11,2024,11,NONSENTINEL,0.0,0.0,0.0,,0.0
MEX,Mexico,2024-03-11,2024,11,SENTINEL,1833.0,311.0,108.0,419.0,1414.0
MEX,Mexico,2024-03-18,2024,12,NONSENTINEL,0.0,0.0,0.0,,0.0
MEX,Mexico,2024-03-18,2024,12,SENTINEL,1695.0,304.0,82.0,386.0,1309.0
MEX,Mexico,2024-03-25,2024,13,NONSENTINEL,0.0,0.0,0.0,,0.0
MEX,Mexico,2024-03-25,2024,13,SENTINEL,1260.0,210.0,63.0,273.0,987.0
MEX,Mexico,2024-04-01,2024,14,NONSENTINEL,0.0,0.0,0.0,,0.0
MEX,Mexico,2024-04-01,2024,14,SENTINEL,1548.0,225.0,98.0,323.0,1225.0
MEX,Mexico,2024-04-08,2024,15,NONSENTINEL,0.0,0.0,0.0,,0.0
MEX,Mexico,2024-04-08,2024,15,SENTINEL,1314.0,185.0,83.0,268.0,1046.0
MEX,Mexico,2024-04-15,2024,16,NONSENTINEL,0.0,0.0,0.0,,0.0
MEX,Mexico,2024-04-15,2024,16,SENTINEL,1268.0,155.0,73.0,228.0,1040.0
MEX,Mexico,2024-04-22,2024,17,NONSENTINEL,0.0,0.0,0.0,,0.0
MEX,Mexico,2024-04-22,2024,17,SENTINEL,1198.0,128.0,91.0,219.0,979.0
MEX,Mexico,2024-04-29,2024,18,NONSENTINEL,0.0,0.0,0.0,,0.0
MEX,Mexico,2024-04-29,2024,18,SENTINEL,1066.0,104.0,58.0,162.0,904.0
MEX,Mexico,2024-05-06,2024,19,NONSENTINEL,0.0,0.0,0.0,,0.0
MEX,Mexico,2024-05-06,2024,19,SENTINEL,1180.0,108.0,67.0,175.0,1005.0
MEX,Mexico,2024-05-13,2024,20,NONSENTINEL,0.0,0.0,0.0,,0.0
MEX,Mexico,2024-05-13,2024,20,SENTINEL,1180.0,106.0,48.0,154.0,1026.0
MEX,Mexico,2024-05-20,2024,21,NONSENTINEL,0.0,0.0,0.0,,0.0
MEX,Mexico,2024-05-20,2024,21,SENTINEL,1099.0,95.0,39.0,134.0,965.0
MEX,Mexico,2024-05-27,2024,22,NONSENTINEL,0.0,0.0,0.0,,0.0
MEX,Mexico,2024-05-27,2024,22,SENTINEL,990.0,87.0,41.0,128.0,862.0
MEX,Mexico,2024-06-03,2024,23,NONSENTINEL,0.0,0.0,0.0,,0.0
MEX,Mexico,2024-06-03,2024,23,SENTINEL,960.0,77.0,33.0,110.0,850.0
MEX,Mexico,2024-06-10,2024,24,NONSENTINEL,0.0,0.0,0.0,,0.0
MEX,Mexico,2024-06-10,2024,24,SENTINEL,1008.0,72.0,39.0,111.0,897.0
MEX,Mexico,2024-06-17,2024,25,NONSENTINEL,0.0,0.0,0.0,,0.0
MEX,Mexico,2024-06-17,2024,25,SENTINEL,966.0,63.0,23.0,86.0,880.0
MEX,Mexico,2024-06-24,2024,26,NONSENTINEL,0.0,0.0,0.0,,0.0
MEX,Mexico,2024-06-24,2024,26,SENTINEL,964.0,39.0,16.0,55.0,909.0
MEX,Mexico,2024-07-01,2024,27,NONSENTINEL,0.0,0.0,0.0,,0.0
MEX,Mexico,2024-07-01,2024,27,SENTINEL,1188.0,72.0,16.0,88.0,1100.0
MEX,Mexico,2024-07-08,2024,28,NONSENTINEL,0.0,0.0,0.0,,0.0
MEX,Mexico,2024-07-08,2024,28,SENTINEL,1331.0,69.0,5.0,74.0,1257.0
MEX,Mexico,2024-07-15,2024,29,NONSENTINEL,0.0,0.0,0.0,,0.0
MEX,Mexico,2024-07-15,2024,29,SENTINEL,2084.0,97.0,11.0,108.0,1976.0
MEX,Mexico,2024-07-22,2024,30,NONSENTINEL,0.0,0.0,0.0,,0.0
MEX,Mexico,2024-07-22,2024,30,SENTINEL,1886.0,124.0,10.0,134.0,1752.0
MEX,Mexico,2024-07-29,2024,31,NONSENTINEL,0.0,0.0,0.0,,0.0
MEX,Mexico,2024-07-29,2024,31,SENTINEL,1500.0,105.0,9.0,114.0,1386.0
MEX,Mexico,2024-08-05,2024,32,NONSENTINEL,0.0,0.0,0.0,,0.0
MEX,Mexico,2024-08-05,2024,32,SENTINEL,1512.0,97.0,5.0,102.0,1410.0
MEX,Mexico,2024-08-12,2024,33,NONSENTINEL,0.0,0.0,0.0,,0.0
MEX,Mexico,2024-08-12,2024,33,SENTINEL,1410.0,116.0,3.0,119.0,1291.0
MEX,Mexico,2024-08-19,2024,34,NONSENTINEL,0.0,0.0,0.0,,0.0
MEX,Mexico,2024-08-19,2024,34,SENTINEL,1200.0,113.0,2.0,115.0,1085.0
MEX,Mexico,2024-08-26,2024,35,NONSENTINEL,0.0,0.0,0.0,,0.0
MEX,Mexico,2024-08-26,2024,35,SENTINEL,1228.0,130.0,5.0,135.0,1093.0
MEX,Mexico,2024-09-02,2024,36,NONSENTINEL,0.0,0.0,0.0,,0.0
MEX,Mexico,2024-09-02,2024,36,SENTINEL,1165.0,128.0,6.0,134.0,1031.0
MEX,Mexico,2024-09-09,2024,37,NONSENTINEL,0.0,0.0,0.0,,0.0
MEX,Mexico,2024-09-09,2024,37,SENTINEL,1231.0,142.0,4.0,146.0,1085.0
MEX,Mexico,2024-09-16,2024,38,NONSENTINEL,0.0,0.0,0.0,,0.0
MEX,Mexico,2024-09-16,2024,38,SENTINEL,1372.0,159.0,4.0,163.0,1209.0
MEX,Mexico,2024-09-23,2024,39,NONSENTINEL,0.0,0.0,0.0,,0.0
MEX,Mexico,2024-09-23,2024,39,SENTINEL,1095.0,119.0,7.0,126.0,969.0
MEX,Mexico,2024-09-30,2024,40,NONSENTINEL,0.0,0.0,0.0,,0.0
MEX,Mexico,2024-09-30,2024,40,SENTINEL,1172.0,92.0,11.0,103.0,1069.0
MEX,Mexico,2024-10-07,2024,41,NONSENTINEL,0.0,0.0,0.0,,0.0
MEX,Mexico,2024-10-07,2024,41,SENTINEL,1191.0,97.0,3.0,100.0,1091.0
MEX,Mexico,2024-10-14,2024,42,NONSENTINEL,0.0,0.0,0.0,,0.0
MEX,Mexico,2024-10-14,2024,42,SENTINEL,1116.0,61.0,3.0,64.0,1052.0
MEX,Mexico,2024-10-21,2024,43,NONSENTINEL,0.0,0.0,0.0,,0.0
MEX,Mexico,2024-10-21,2024,43,SENTINEL,1087.0,60.0,3.0,63.0,1024.0
MEX,Mexico,2024-10-28,2024,44,NONSENTINEL,0.0,0.0,0.0,,0.0
MEX,Mexico,2024-10-28,2024,44,SENTINEL,1089.0,85.0,6.0,91.0,998.0
MEX,Mexico,2024-11-04,2024,45,NONSENTINEL,0.0,0.0,0.0,,0.0
MEX,Mexico,2024-11-04,2024,45,SENTINEL,1373.0,105.0,14.0,119.0,1254.0
MEX,Mexico,2024-11-11,2024,46,NONSENTINEL,0.0,0.0,0.0,,0.0
MEX,Mexico,2024-11-11,2024,46,SENTINEL,1299.0,103.0,14.0,117.0,1182.0
MEX,Mexico,2024-11-18,2024,47,NONSENTINEL,0.0,0.0,0.0,,0.0
MEX,Mexico,2024-11-18,2024,47,SENTINEL,1478.0,134.0,13.0,147.0,1331.0
MEX,Mexico,2024-11-25,2024,48,NONSENTINEL,0.0,0.0,0.0,,0.0
MEX,Mexico,2024-11-25,2024,48,SENTINEL,1509.0,187.0,17.0,204.0,1305.0
MEX,Mexico,2024-12-02,2024,49,NONSENTINEL,0.0,0.0,0.0,,0.0
MEX,Mexico,2024-12-02,2024,49,SENTINEL,1667.0,207.0,22.0,229.0,1438.0
MEX,Mexico,2024-12-09,2024,50,NONSENTINEL,0.0,0.0,0.0,,0.0
MEX,Mexico,2024-12-09,2024,50,SENTINEL,1756.0,329.0,29.0,358.0,1398.0
MEX,Mexico,2024-12-16,2024,51,NONSENTINEL,0.0,0.0,0.0,,0.0
MEX,Mexico,2024-12-16,2024,51,SENTINEL,1493.0,355.0,19.0,374.0,1119.0
MEX,Mexico,2024-12-23,2024,52,NONSENTINEL,0.0,0.0,0.0,,0.0
MEX,Mexico,2024-12-23,2024,52,SENTINEL,337.0,62.0,1.0,63.0,274.0
MEX,Mexico,2024-12-30,2025,1,NONSENTINEL,,,,,
MEX,Mexico,2024-12-30,2025,1,SENTINEL,2375.0,574.0,32.0,606.0,1728.0
MEX,Mexico,2025-01-06,2025,2,NONSENTINEL,,,,,
MEX,Mexico,2025-01-06,2025,2,SENTINEL,2864.0,736.0,40.0,776.0,2035.0
MEX,Mexico,2025-01-13,2025,3,NONSENTINEL,,,,,
MEX,Mexico,2025-01-13,2025,3,SENTINEL,2869.0,722.0,47.0,769.0,2053.0
MEX,Mexico,2025-01-20,2025,4,NONSENTINEL,,,,,
MEX,Mexico,2025-01-20,2025,4,SENTINEL,2960.0,671.0,37.0,708.0,2196.0
MEX,Mexico,2025-01-27,2025,5,NONSENTINEL,,,,,
MEX,Mexico,2025-01-27,2025,5,SENTINEL,2783.0,639.0,53.0,692.0,2023.0
MEX,Mexico,2025-02-03,2025,6,NONSENTINEL,,,,,
MEX,Mexico,2025-02-03,2025,6,SENTINEL,2882.0,633.0,68.0,701.0,1999.0
MEX,Mexico,2025-02-10,2025,7,NONSENTINEL,,,,,
MEX,Mexico,2025-02-10,2025,7,SENTINEL,3036.0,674.0,64.0,738.0,980.0
MEX,Mexico,2025-02-17,2025,8,NONSENTINEL,,,,,
MEX,Mexico,2025-02-17,2025,8,SENTINEL,2994.0,603.0,70.0,673.0,
MEX,Mexico,2025-02-24,2025,9,SENTINEL,2783.0,457.0,74.0,531.0,
MEX,Mexico,2025-03-03,2025,10,SENTINEL,2718.0,446.0,105.0,551.0,
MEX,Mexico,2025-03-10,2025,11,SENTINEL,2292.0,389.0,86.0,475.0,
MEX,Mexico,2025-03-17,2025,12,SENTINEL,2498.0,384.0,112.0,496.0,
MEX,Mexico,2025-03-24,2025,13,SENTINEL,2426.0,323.0,111.0,434.0,
MEX,Mexico,2025-03-31,2025,14,SENTINEL,2606.0,343.0,114.0,457.0,
MEX,Mexico,2025-04-07,2025,15,SENTINEL,2534.0,380.0,129.0,509.0,
MEX,Mexico,2025-04-14,2025,16,SENTINEL,1958.0,256.0,108.0,364.0,
MEX,Mexico,2025-04-21,2025,17,SENTINEL,2210.0,219.0,119.0,338.0,
MEX,Mexico,2025-04-28,2025,18,SENTINEL,1484.0,131.0,73.0,204.0,
MEX,Mexico,2025-05-05,2025,19,SENTINEL,1636.0,139.0,73.0,212.0,
MEX,Mexico,2025-05-12,2025,20,SENTINEL,1690.0,135.0,72.0,207.0,
MEX,Mexico,2025-05-19,2025,21,SENTINEL,1605.0,119.0,46.0,165.0,
MEX,Mexico,2025-05-26,2025,22,SENTINEL,1552.0,109.0,38.0,147.0,
MEX,Mexico,2025-06-02,2025,23,SENTINEL,1644.0,87.0,36.0,123.0,
MEX,Mexico,2025-06-09,2025,24,SENTINEL,1565.0,76.0,17.0,93.0,
MEX,Mexico,2025-06-16,2025,25,SENTINEL,1447.0,44.0,18.0,62.0,
MEX,Mexico,2025-06-23,2025,26,SENTINEL,1336.0,58.0,8.0,66.0,
MEX,Mexico,2025-06-30,2025,27,SENTINEL,1429.0,79.0,7.0,86.0,
MEX,Mexico,2025-07-07,2025,28,SENTINEL,1452.0,71.0,12.0,83.0,
MEX,Mexico,2025-07-14,2025,29,SENTINEL,1355.0,59.0,10.0,69.0,
MEX,Mexico,2025-07-21,2025,30,SENTINEL,1256.0,72.0,8.0,80.0,
MEX,Mexico,2025-07-28,2025,31,SENTINEL,1158.0,50.0,7.0,57.0,
MEX,Mexico,2025-08-04,2025,32,SENTINEL,1078.0,48.0,3.0,51.0,
MEX,Mexico,2025-08-11,2025,33,SENTINEL,1049.0,47.0,5.0,52.0,
MEX,Mexico,2025-08-18,2025,34,SENTINEL,1061.0,46.0,3.0,49.0,
MEX,Mexico,2025-08-25,2025,35,SENTINEL,996.0,41.0,1.0,42.0,
MEX,Mexico,2025-09-01,2025,36,SENTINEL,1112.0,48.0,6.0,54.0,
MEX,Mexico,2025-09-08,2025,37,SENTINEL,1247.0,58.0,4.0,62.0,
MEX,Mexico,2025-09-15,2025,38,SENTINEL,1462.0,54.0,4.0,58.0,
MEX,Mexico,2025-09-22,2025,39,SENTINEL,1523.0,88.0,5.0,93.0,
MEX,Mexico,2025-09-29,2025,40,SENTINEL,1620.0,101.0,5.0,106.0,
MEX,Mexico,2025-10-06,2025,41,SENTINEL,1636.0,80.0,2.0,82.0,
MEX,Mexico,2025-10-13,2025,42,SENTINEL,1607.0,105.0,6.0,111.0,
MEX,Mexico,2025-10-20,2025,43,SENTINEL,1600.0,79.0,5.0,84.0,
MEX,Mexico,2025-10-27,2025,44,SENTINEL,1608.0,68.0,8.0,76.0,
MEX,Mexico,2025-11-03,2025,45,SENTINEL,1627.0,69.0,7.0,76.0,
MEX,Mexico,2025-11-10,2025,46,SENTINEL,1556.0,84.0,3.0,87.0,
MEX,Mexico,2025-11-17,2025,47,SENTINEL,1691.0,114.0,5.0,119.0,
MEX,Mexico,2025-11-24,2025,48,SENTINEL,1675.0,140.0,10.0,150.0,
MEX,Mexico,2025-12-01,2025,49,SENTINEL,1984.0,205.0,6.0,211.0,
MEX,Mexico,2025-12-08,2025,50,SENTINEL,2121.0,314.0,8.0,322.0,
MEX,Mexico,2025-12-15,2025,51,SENTINEL,2371.0,432.0,8.0,440.0,
MEX,Mexico,2025-12-22,2025,52,SENTINEL,1870.0,357.0,3.0,360.0,
MEX,Mexico,2025-12-29,2026,1,SENTINEL,465.0,89.0,0.0,89.0,
MEX,Mexico,2026-01-05,2026,2,NONSENTINEL,2188.0,504.0,4.0,508.0,
MEX,Mexico,2026-01-05,2026,2,SENTINEL,2768.0,625.0,13.0,638.0,
MEX,Mexico,2026-01-12,2026,3,NONSENTINEL,2521.0,561.0,13.0,574.0,
MEX,Mexico,2026-01-12,2026,3,SENTINEL,2743.0,617.0,16.0,633.0,
MEX,Mexico,2026-01-19,2026,4,SENTINEL,2816.0,659.0,10.0,669.0,
MEX,Mexico,2026-01-26,2026,5,SENTINEL,2397.0,527.0,6.0,533.0,
MEX,Mexico,2026-02-02,2026,6,SENTINEL,2762.0,594.0,6.0,600.0,
MEX,Mexico,2026-02-09,2026,7,SENTINEL,2737.0,577.0,8.0,585.0,
MEX,Mexico,2026-02-16,2026,8,SENTINEL,2369.0,464.0,10.0,474.0,
MEX,Mexico,2026-02-23,2026,9,SENTINEL,2266.0,452.0,11.0,463.0,
MEX,Mexico,2026-03-02,2026,10,SENTINEL,2182.0,363.0,14.0,377.0,
MEX,Mexico,2026-03-09,2026,11,SENTINEL,1721.0,196.0,12.0,208.0,
MEX,Mexico,2026-03-16,2026,12,SENTINEL,1732.0,214.0,17.0,231.0,
MEX,Mexico,2026-03-23,2026,13,SENTINEL,1505.0,176.0,18.0,194.0,
MEX,Mexico,2026-03-30,2026,14,SENTINEL,1115.0,107.0,9.0,116.0,
MEX,Mexico,2026-04-06,2026,15,SENTINEL,1205.0,77.0,9.0,86.0,
MEX,Mexico,2026-04-13,2026,16,SENTINEL,1002.0,65.0,9.0,74.0,
MEX,Mexico,2026-04-20,2026,17,SENTINEL,826.0,60.0,12.0,72.0,
MEX,Mexico,2026-04-27,2026,18,SENTINEL,702.0,39.0,7.0,46.0,
MEX,Mexico,2026-05-04,2026,19,SENTINEL,890.0,45.0,16.0,61.0,
MEX,Mexico,2026-05-11,2026,20,SENTINEL,952.0,54.0,19.0,73.0,
MEX,Mexico,2026-05-18,2026,21,SENTINEL,1028.0,46.0,13.0,59.0,
MEX,Mexico,2026-05-25,2026,22,SENTINEL,852.0,31.0,6.0,37.0,
MEX,Mexico,2026-06-01,2026,23,SENTINEL,815.0,23.0,12.0,35.0,
MEX,Mexico,2026-06-08,2026,24,SENTINEL,757.0,22.0,12.0,34.0,
MEX,Mexico,2026-06-15,2026,25,SENTINEL,879.0,25.0,13.0,38.0,
MEX,Mexico,2026-06-22,2026,26,SENTINEL,928.0,19.0,12.0,31.0,
MEX,Mexico,2026-06-29,2026,27,SENTINEL,918.0,21.0,17.0,38.0,
MEX,Mexico,2026-07-06,2026,28,SENTINEL,946.0,20.0,20.0,40.0,
MEX,Mexico,2026-07-13,2026,29,SENTINEL,441.0,7.0,9.0,16.0,
